StartDate,EndDate,Status,IPAddress,Progress,Duration (in seconds),Finished,RecordedDate,ResponseId,RecipientLastName,RecipientFirstName,RecipientEmail,ExternalReference,LocationLatitude,LocationLongitude,DistributionChannel,UserLanguage,practice trial 1,practice trial 2,lawyer-male,lawyer-female,lawyer-neutral,doctor-male,doctor-female,doctor-neutral,student-male,student-female_1,student-neutral,model-male,model-female,model-neutral,singer-male,singer-female,singer-neutral,phd-male,phd-female,phd-neutral,baker-male,baker-female,baker-neutral,salesman-male,salesman-female,salesman-neutral,nurse-male,nurse-female,nurse-neutral,wireman-male,wireman-female,wireman-neutral,photographer-male,photographer-female,photographer-neutral,athlete-male,athlete-female,athlete-neutral,filler 1,filler 2,filler 3,filler 4,filler 5,filler 6,filler 7,filler 8,filler 9,filler 10,filler 11,filler 12,filler 13,filler 14,filler 15,filler 16,filler 17,filler 18,filler 19,filler 20,filler 21,filler 22,filler 23,filler 24,性别,语言,学习阶段,年级,年级,询问
Start Date,End Date,Response Type,IP Address,Progress,Duration (in seconds),Finished,Recorded Date,Response ID,Recipient Last Name,Recipient First Name,Recipient Email,External Data Reference,Location Latitude,Location Longitude,Distribution Channel,User Language,当孩子们回到了巨人的____（huāyuán），桃树马上绽出绿芽，开出许多美丽的花朵。,借问酒家何处__（yǒu），牧童遥指杏花村。,法庭中央站立的是一位男律师，__ (tā) 即将开始为被告辩护。,法庭中央站立的是一位女律师，__ (tā) 即将开始为被告辩护。,法庭中央站立的是一位律师，__ (tā) 即将开始为被告辩护。,"手术台旁边站着一位男医生, __ (tā) 穿着手术服。","手术台旁边站着一位女医生, __ (tā) 穿着手术服。","手术台旁边站着一位医生, __ (tā) 穿着手术服。","课桌旁边坐着一位男学生, __ (tā) 在写作业。",Text,"课桌旁边坐着一位学生, __ (tā) 在写作业。","台上站着一位男模特, __ (tā) 准备走T台。","台上站着一位女模特, __ (tā) 准备走T台。","台上站着一位模特, __ (tā) 准备走T台。","舞台中央站着一位男歌手, __ (tā) 正在唱歌。","舞台中央站着一位女歌手, __ (tā) 正在唱歌。","舞台中央站着一位歌手, __ (tā) 正在唱歌。","实验室里坐着一位男博士, __ (tā) 正在做研究。","实验室里坐着一位女博士, __ (tā) 正在做研究。","实验室里坐着一位博士, __ (tā) 正在做研究。","橱窗旁站着一位男面包师, __ (tā) 正在做糕点。","橱窗旁站着一位女面包师, __ (tā) 正在做糕点。","橱窗旁站着一位面包师, __ (tā) 正在做糕点。","门前站着一位男推销员, __ (tā) 正在推销产品。","门前站着一位女推销员, __ (tā) 正在推销产品。","门前站着一位推销员, __ (tā) 正在推销产品。","病房里坐着一位男护士, __ (tā) 正在照看病人。","病房里坐着一位女护士, __ (tā) 正在照看病人。","病房里坐着一位护士, __ (tā) 正在照看病人。","房间里站着一位男电工, __ (tā) 正在维修电灯。","房间里站着一位女电工, __ (tā) 正在维修电灯。","病房里站着一位电工, __ (tā) 正在维修电灯。","校园里有一位男摄影师, __ (tā) 正在拍摄照片。","校园里有一位女摄影师, __ (tā) 正在拍摄照片。","校园里有一位摄影师, __ (tā) 正在拍摄照片。","体育场内站着一位男运动员, __ (tā) 正在热身。","体育场内站着一位女运动员, __ (tā) 正在热身。","体育场内站着一位运动员, __ (tā) 正在热身。",失去是一种痛苦，也是一种____（xìnɡfú）。,小明去游乐场游玩，售票窗口的告示上写着“买票请____（páiduì）”。,其实，对于王新的提议，我们是____（rèntóng）的。,一切节省，归根到底都归结为____（shíjiān）的节省。,在____（suǒyǒu）的批评家中，最伟大、最正确、最天才的是时间。,经过一晚上的努力，小亮将__（zhè）首诗背得滚瓜烂熟。,学校操场北边墙上满是爬山虎。我家也__（yǒu）爬山虎。,等我们把衣服烘干，松鸡也烧好了，扒开洞，就闻到一股____（xiānɡwèi）。,往前走，来到一个卖柚子的小姑娘跟前，她____（dàyuē）和堂妹一样年纪。,"他说这里气候变化莫测,常常一个时辰就可以出现阴晴雨雪、冰雹风霜多种____（tiānqì）。",九岁的凡卡·茹科夫，__（sān）个月前给送到鞋匠阿里亚希涅那儿做学徒。,过了一个钟头，他怀__（zhe）甜蜜的希望睡熟了。,有一次，我同几个画友去泰山____（xiěshēng），就遇到过这种情况。,"太阳像个红球,慢慢地升起来,发出淡淡的__（guāng），一点儿也不耀眼。","柿子树上挂着____（xǔduō）大柿子,像一个一个的红灯笼。",小鸡画竹叶，小狗画____（méihuā），小鸭画枫叶，小马画月牙。,令我念念难忘的，倒不是这些又便宜又好喝的____（shuǐguǒ）汁，而是那些卖水人。,卖水人浓厚的人情味，__（yě）叫人感动莫名。,一去二三里，烟村四五家。亭台六__（qī）座，八九十枝花。,鱼戏莲叶东，鱼戏莲叶西， 鱼戏莲叶南，鱼戏莲叶__（běi）。,____（shàonián）听雨歌楼上，红烛昏罗帐。,停车坐爱枫林晚，霜叶__（hóng）于二月花。,床前明月光，疑__（shì）地上霜。 举头望明月，低头思故乡。,____（értóng）散学归来早，忙趁东风放纸鸢。,您的性别是,请问您会说什么语言,您的学习阶段是,您的年级是（暑假前）,您的年级是（暑假前）,您认为该问卷具体是为了研究什么
"{""ImportId"":""startDate"",""timeZone"":""America/Denver""}","{""ImportId"":""endDate"",""timeZone"":""America/Denver""}","{""ImportId"":""status""}","{""ImportId"":""ipAddress""}","{""ImportId"":""progress""}","{""ImportId"":""duration""}","{""ImportId"":""finished""}","{""ImportId"":""recordedDate"",""timeZone"":""America/Denver""}","{""ImportId"":""_recordId""}","{""ImportId"":""recipientLastName""}","{""ImportId"":""recipientFirstName""}","{""ImportId"":""recipientEmail""}","{""ImportId"":""externalDataReference""}","{""ImportId"":""locationLatitude""}","{""ImportId"":""locationLongitude""}","{""ImportId"":""distributionChannel""}","{""ImportId"":""userLanguage""}","{""ImportId"":""QID2_TEXT""}","{""ImportId"":""QID5_TEXT""}","{""ImportId"":""QID27_TEXT""}","{""ImportId"":""QID21_TEXT""}","{""ImportId"":""QID16_TEXT""}","{""ImportId"":""QID36_TEXT""}","{""ImportId"":""QID39_TEXT""}","{""ImportId"":""QID41_TEXT""}","{""ImportId"":""QID31_TEXT""}","{""ImportId"":""QID30_1""}","{""ImportId"":""QID33_TEXT""}","{""ImportId"":""QID93_TEXT""}","{""ImportId"":""QID43_TEXT""}","{""ImportId"":""QID44_TEXT""}","{""ImportId"":""QID45_TEXT""}","{""ImportId"":""QID46_TEXT""}","{""ImportId"":""QID47_TEXT""}","{""ImportId"":""QID69_TEXT""}","{""ImportId"":""QID68_TEXT""}","{""ImportId"":""QID64_TEXT""}","{""ImportId"":""QID60_TEXT""}","{""ImportId"":""QID58_TEXT""}","{""ImportId"":""QID56_TEXT""}","{""ImportId"":""QID54_TEXT""}","{""ImportId"":""QID52_TEXT""}","{""ImportId"":""QID50_TEXT""}","{""ImportId"":""QID49_TEXT""}","{""ImportId"":""QID48_TEXT""}","{""ImportId"":""QID9_TEXT""}","{""ImportId"":""QID86_TEXT""}","{""ImportId"":""QID87_TEXT""}","{""ImportId"":""QID82_TEXT""}","{""ImportId"":""QID79_TEXT""}","{""ImportId"":""QID90_TEXT""}","{""ImportId"":""QID15_TEXT""}","{""ImportId"":""QID13_TEXT""}","{""ImportId"":""QID12_TEXT""}","{""ImportId"":""QID10_TEXT""}","{""ImportId"":""QID11_TEXT""}","{""ImportId"":""QID8_TEXT""}","{""ImportId"":""QID7_TEXT""}","{""ImportId"":""QID6_TEXT""}","{""ImportId"":""QID4_TEXT""}","{""ImportId"":""QID3_TEXT""}","{""ImportId"":""QID29_TEXT""}","{""ImportId"":""QID28_TEXT""}","{""ImportId"":""QID26_TEXT""}","{""ImportId"":""QID25_TEXT""}","{""ImportId"":""QID24_TEXT""}","{""ImportId"":""QID23_TEXT""}","{""ImportId"":""QID22_TEXT""}","{""ImportId"":""QID20_TEXT""}","{""ImportId"":""QID19_TEXT""}","{""ImportId"":""QID18_TEXT""}","{""ImportId"":""QID17_TEXT""}","{""ImportId"":""QID34_TEXT""}","{""ImportId"":""QID35_TEXT""}","{""ImportId"":""QID37_TEXT""}","{""ImportId"":""QID38_TEXT""}","{""ImportId"":""QID40_TEXT""}","{""ImportId"":""QID42_TEXT""}","{""ImportId"":""QID32_TEXT""}","{""ImportId"":""QID98""}","{""ImportId"":""QID101_TEXT""}","{""ImportId"":""QID94""}","{""ImportId"":""QID95""}","{""ImportId"":""QID96""}","{""ImportId"":""QID99_TEXT""}"
2022-06-29 12:02:51,2022-06-29 12:08:32,Survey Preview,,100,341,True,2022-06-29 12:08:33,R_SSH6zmAeqMIsgVj,,,,,37.751,-97.822,preview,EN,花园,有,,她,,,她,,他,,,,,她,他,,,,,他,,她,,他,,,,她,,,,他,他,,,,,他,幸福,排队,认同,时间,所有,这,有,香味,大约,天气,三,着,写生,光,许多,梅花,水果,也,七,北,少年,红,是,儿童,男,,高中阶段,,高中二年级,高中生和小学生使用语言的方式反映的性别刻板印象
2022-07-01 14:35:36,2022-07-01 14:42:38,Survey Preview,,100,422,True,2022-07-01 14:42:39,R_Dq7Rak4STdpXMsx,,,,,34.0544,-118.2441,preview,ZH-S,test,test,8,,,,,0,,0,,,80,,,,0,9,,,0,,,,,0,k,,,,0,,,,5,,4,,1,3,0,0,0,0,0,0,-,0,3,0,0,0,0,0,0,0,0,0,0,0,0,0,女,0,高中阶段,,高中二年级,
2022-07-03 01:06:17,2022-07-03 01:12:23,IP Address,103.233.52.93,100,365,True,2022-07-03 01:12:23,R_10Vkd8rbA3Pv66G,,,,,34.7732,113.722,anonymous,ZH-S,花园,有,,,他,他,,,,,他,他,,,,她,,,她,,,,他,,她,,,,她,他,,,,她,,他,,,幸福,排队,认同,时间,所有,这,有,香味,大约,天气,三,着,写生,光,许多,梅花,水果,也,七,北,少年,红,是,儿童,女,中文 英文,高中阶段,,高中三年级,
2022-07-03 01:10:40,2022-07-03 01:18:06,IP Address,123.119.162.57,100,445,True,2022-07-03 01:18:06,R_tFICPiF0R2mMrpD,,,,,39.9075,116.3972,anonymous,ZH-S,花园,有,,,他,,,他,,,他,,她,,,她,,他,,,,,他,,她,,,,她,,,他,,她,,他,,,幸福,排队,认同,时间,所有,这,有,香味,大约,天气,三,着,写生,光,许多,梅花,水果,也,七,北,少年,红,是,儿童,女,中文，英语,高中阶段,,高中三年级,不清楚
2022-07-03 01:39:43,2022-07-03 01:43:41,IP Address,118.114.105.254,100,238,True,2022-07-03 01:43:42,R_3KZRHOFjLpaxoU3,,,,,30.6498,104.0555,anonymous,ZH-S,花园,有,,她,,他,,,他,,,,,她,,,她,,,它,,她,,他,,,他,,,,她,,他,,,,,他,幸福,排队,认同,时间,所有,这,有,香味,大约,天气,三,着,写生,光,许多,梅花,水果,也,七,北,少年,红,似,儿童,女,中文,小学阶段,小学四年级,,人类性别
2022-07-03 01:38:44,2022-07-03 01:44:17,IP Address,116.169.0.71,100,333,True,2022-07-03 01:44:17,R_21zYNnUgDjDBsPE,,,,,30.6498,104.0555,anonymous,ZH-S,花园,有,他,,,他,,,,她,,他,,,他,,,,她,,他,,,,,他,,她,,他,,,他,,,,她,,幸福,排队,认同,时间,所有,这,有,香味,大约,天气,三,着,写生,光,许多,梅花,水果,也,七,北,少年,红,似,儿童,女,中文英语,小学阶段,小学四年级,,拼音
2022-07-03 01:46:56,2022-07-03 01:53:33,IP Address,223.104.216.162,100,396,True,2022-07-03 01:53:33,R_24OAqCLnJU2pe9s,,,,,30.6498,104.0555,anonymous,ZH-S,花园,有,,她,,它,,,,,他,他,,,,她,,,,他,,她,,,,她,,她,,他,,,,她,,他,,,幸福,排队,认同,时间,所有,这,有,鲜味,大约,天气,三,着,写生,光,许多,梅花,水果,也,七,北,少年,红,似,儿童,女,中文,小学阶段,小学四年级,,不太清楚
2022-07-03 01:40:21,2022-07-03 01:56:48,IP Address,183.220.5.182,100,986,True,2022-07-03 01:56:48,R_2WSWe1IQLMs5GAZ,,,,,30.6498,104.0555,anonymous,ZH-S,花园,有,,,他,,她,,他,,,,她,,,,她,他,,,他,,,,她,,他,,,,,他,,,他,,她,,幸福,排队,认同,时间,所有,这,有,香味,大约,天气,三,着,写生,光,许多,梅花,水果,也,七,北,少年,红,是,儿童,男,中文,小学阶段,小学三年级,,中文文字
2022-07-03 01:53:39,2022-07-03 02:02:41,IP Address,116.169.5.252,100,542,True,2022-07-03 02:02:41,R_W3w5OxquMKWuwRX,,,,,30.6498,104.0555,anonymous,ZH-S,花园,有,,,他,,,他,他,,,,,他,他,,,他,,,,她,,他,,,,,她,,她,,他,,,他,,,幸福,排队,认同,时间,所有,这,有,香味,大约,天气,三,着,写生,光,许多,梅花,水果,也,七,北,少年,红,是,儿童,女,中文，英文,小学阶段,小学四年级,,看不出来
2022-07-03 01:34:58,2022-07-03 02:04:56,IP Address,222.210.45.72,100,1798,True,2022-07-03 02:04:56,R_cNHn06BntBfhOKd,,,,,30.6498,104.0555,anonymous,ZH-S,花环,有,他,,,,她,,,,他,,她,,他,,,他,,,,,他,他,,,,她,,,,他,他,,,,她,,幸福,排队,认同,时间,所有,这,有,香味,大约,天气,三,着,写生,光,许多,画眉,水果,也,七,北,少年,红,似,儿童,男,中文，英语,小学阶段,小学四年级,,对中文汉字理解
2022-07-03 02:02:10,2022-07-03 02:10:57,IP Address,110.188.57.245,100,526,True,2022-07-03 02:10:57,R_Zgx8G0nLh65k1MJ,,,,,30.6498,104.0555,anonymous,ZH-S,花园,有,,,说她,,她,,,她,,,她,,他,,,,,他,他,,,,,他,,,她,他,,,,她,,,,他,幸福,排队,认同,时间,所有,这,有,香味,大约,天气,三,着,写生,光,许多,梅花,水果,也,七,北,少年,红,似,儿童,女,中文 英语,小学阶段,小学三年级,,不知
2022-07-03 02:11:44,2022-07-03 02:17:13,IP Address,125.70.95.151,100,328,True,2022-07-03 02:17:14,R_1C9l6isKRR9ykg0,,,,,30.6498,104.0555,anonymous,ZH-S,花园,有,,她,,,,他,,,他,,,他,,,她,,她,,,她,,他,,,他,,,,,他,,,他,他,,,幸福,排队,认同,时间,所有,这,有,香味,大约,天气,他,着,写生,光,许多,梅花,水果,也,七,北,少年,红,似,儿童,女,汉语,小学阶段,小学五年级,,性别
2022-07-03 02:21:15,2022-07-03 02:29:27,IP Address,222.129.239.134,100,492,True,2022-07-03 02:29:27,R_0881Sv3rP9vzANr,,,,,39.9075,116.3972,anonymous,ZH-S,花园,有,他,,,,她,,他,,,他,,,,她,,他,,,,,他,,,他,,她,,,她,,他,,,,,他,幸福,排队,认同,时间,所有,这,有,香味,大约,天气,三,着,写生,光,许多,梅花,水果,也,七,北,少年,红,是,儿童,女,汉语、英语,高中阶段,,高中二年级,代词 副词
2022-07-03 05:20:33,2022-07-03 05:25:32,IP Address,1.203.85.182,100,298,True,2022-07-03 05:25:32,R_3nOG2sPYLh2eAC2,,,,,39.9075,116.3972,anonymous,ZH-S,花园,有,他,,,他,,,,她,,,,他,他,,,,,他,他,,,,她,,他,,,,,她,,她,,,,他,幸福,排队,认同,时间,所有,这,有,香味,大约,天气,三,着,写生,光,许多,梅花,水果,也,七,北,少年,红,是,儿童,女,中文，英语，日语,高中阶段,,高中三年级,语言水平
2022-07-03 05:20:44,2022-07-03 05:26:11,IP Address,124.64.122.36,100,327,True,2022-07-03 05:26:12,R_1Hhpvz7sZTSgqje,,,,,39.9075,116.3972,anonymous,ZH-S,花园,有,,她,,,她,,他,,,他,,,他,,,他,,,他,,,,她,,,,她,,她,,,,他,他,,,幸福,排队,认同,时间,所有,这,有,香味,大约,天气,三,着,写生,光,许多,梅花,水果,也,七,北,少年,红,是,儿童,女,中英法,高中阶段,,高中二年级,汉语水平？性别职业刻板？好神奇的问卷不知道
2022-07-03 05:21:59,2022-07-03 05:26:59,IP Address,223.72.130.70,100,299,True,2022-07-03 05:26:59,R_uwstvQM4uFfJ2iR,,,,,39.9075,116.3972,anonymous,ZH-S,花园,有,他,,,,,他,,,他,,,他,,,他,,她,,,她,,他,,,,她,,,,他,,,他,他,,,幸福,排队,认同,时间,所有,这,有,香味,大约,天气,三,着,写生,光,许多,梅花,水果,也,七,北,少年,红,是,儿童,女,中文，英语，德语,高中阶段,,高中一年级,中国语文义务教育成果
2022-07-03 05:23:53,2022-07-03 05:28:19,IP Address,120.245.96.130,100,266,True,2022-07-03 05:28:19,R_cIptBYbQzMDsXpT,,,,,39.9075,116.3972,anonymous,ZH-S,花园,有,,她,,,,她,,她,,,她,,,,她,,,她,他,,,他,,,,她,,他,,,,她,,,她,,幸福,排队,认同,时间,所有,这,有,香味,大约,天气,三,着,写生,光,许多,梅花,水果,也,七,北,少年,红,是,儿童,非二元性别/第三性别,中文 English 日本語,高中阶段,,高中二年级,中文母语者对中文的使用
2022-07-03 05:21:55,2022-07-03 05:28:43,IP Address,223.72.93.140,100,408,True,2022-07-03 05:28:44,R_3LdI8B4xldO41vl,,,,,39.9075,116.3972,anonymous,ZH-S,花园,有,,,他,他,,,,她,,,她,,,她,,,,他,,,他,,,他,,,他,他,,,他,,,,她,,幸福,排队,认同,时间,所有,这,有,香味,大约,天气,三,着,写真,光,许多,梅花,果汁,也,七,北,少年,红,是,儿童,女,中文、英语,高中阶段,,高中一年级,中国人口受教育水平；义务教育阶段教育水平；有没有性别刻板印象
2022-07-03 05:24:55,2022-07-03 05:31:11,IP Address,111.202.167.81,100,375,True,2022-07-03 05:31:12,R_1mVmcdp5HG3Dyqg,,,,,39.9075,116.3972,anonymous,ZH-S,花园,有,,她,,他,,,,,他,他,,,,她,,,她,,,她,,,,他,他,,,,她,,,她,,他,,,幸福,排队,认同,时间,所有,这,有,香味,大约,天气,三,着,写生,光,许多,梅花,水果,也,七,北,少年,红,似,儿童,女,汉语,小学阶段,小学三年级,,汉语拼音
2022-07-03 05:38:26,2022-07-03 05:42:32,IP Address,114.254.2.46,100,246,True,2022-07-03 05:42:32,R_tDiWzPqAo90uzgB,,,,,39.9075,116.3972,anonymous,ZH-S,花园,有,,她,,,她,,他,,,,,她,,她,,,,他,,,他（她）,,她,,,她,,他,,,,,她（他）,,她,,幸福,排队,认同,时间,所有,这,有,香味,大约,天气,三,着,写生,光,许多,梅花,水果,也,七,北,少年,红,是,儿童,女,中文,高中阶段,,高中二年级,拼音水平
2022-07-03 05:36:36,2022-07-03 05:42:35,IP Address,123.112.160.143,100,359,True,2022-07-03 05:42:36,R_1pR1hriOJI2UjSP,,,,,39.9075,116.3972,anonymous,ZH-S,花园,有,,,她,,,她,,,他,,她,,,,他,,她,,,她,,,,他,,,她,,她,,,她,,,,她,幸福,排队,认同,时间,所有,这,有,香味,大约,天气,三,着,写生,光,许多,梅花,水果,也,七,北,少年,红,是,儿童,男,普通话,高中阶段,,高中二年级,人们潜意识下由环境因素诱导的刻板印象
2022-07-03 05:40:05,2022-07-03 05:43:38,IP Address,103.232.212.200,100,213,True,2022-07-03 05:43:39,R_1pzp87QwhzyA0vn,,,,,22.2578,114.1657,anonymous,ZH-S,花园,有,,,他,,她,,,她,,他,,,,她,,,她,,他,,,他,,,他,,,,,他,,,他,他,,,幸福,排队,认同,时间,所有,这,有,香味,大约,天气,三,着,写生,光,许多,梅花,水果,也,七,北,少年,红,是,儿童,女,中文，英文,高中阶段,,高中一年级,关于性别刻板印象
2022-07-03 05:41:06,2022-07-03 05:43:48,IP Address,123.116.218.83,100,161,True,2022-07-03 05:43:48,R_SSFbOzwmPYkafS1,,,,,39.9075,116.3972,anonymous,ZH-S,花园,有,他,,,他,,,,,他,他,,,,她,,他,,,他,,,,,他,,,她,,她,,,她,,,她,,行幸福,排队,认同,时间,所有,这,有,香味,大约,天气,三,着,写生,光,许多,梅花,水果,也,七,北,少年,红,是,儿童,女,汉语，英语,高中阶段,,高中二年级,
2022-07-03 05:34:49,2022-07-03 05:43:59,IP Address,120.244.166.22,100,550,True,2022-07-03 05:43:59,R_12rUdZC8VmsTQQ5,,,,,39.9075,116.3972,anonymous,ZH-S,花园,有,,,他,,她,,他,,,他,,,他,,,他,,,,,他,他,,,他,,,,,他,他,,,,她,,幸福,排队,认同,时间,所有,这,有,香味,大约,天气,三,着,写生,光,许多,梅花,水果,也,七,北,少年,红,是,儿童,女,中/英,高中阶段,,高中二年级,语境对我们正确理解一句残缺的话有帮助？语境能够帮助我们正确地联想出语句中缺失的成分？或者是一些我不太能说清楚的性别问题在日常阅读和书面表达中的影响和体现？感觉很无厘头诶 但是很有趣kkk
2022-07-03 05:41:14,2022-07-03 05:47:02,IP Address,223.72.73.112,100,348,True,2022-07-03 05:47:02,R_1QfsZstyjNSF2eI,,,,,39.9075,116.3972,anonymous,ZH-S,花园,有,,她,,,,她/他,,,她/它/他,,,她/他,她/他,,,,,她/他,,她,,,,他/她,,她,,,,他/她,他,,,,,他/他/它,幸福,排队,认同,时间,所有,这,有,香味,大约,天气,三,着,写生,光,许多,梅花,水果,也,七,北,少年,红,疑,儿童,男,中文.    English    American   俄语    德语     法语  日本の语,高中阶段,,高中一年级,不同阶段的人的文化水平是否匹配     《中国人失掉自信力了吗？》
2022-07-03 05:42:54,2022-07-03 05:47:51,IP Address,111.201.95.61,100,297,True,2022-07-03 05:47:52,R_ZBMVhgBemSDJXIB,,,,,39.9075,116.3972,anonymous,ZH-S,花园,有,他,,,他,,,,她,,,,她,,,她,,她,,,,他,,她,,他,,,他,,,他,,,,她,,幸福,排队,认同,时间,所有,这,有,香味,大约,天气,三,着,写生,光,许多,梅花,水果,也,七,北,少年,红,是,儿童,女,中文，英文，一点点西班牙文,高中阶段,,高中二年级,对于同音文字使用环境的辨析，或者是根据语境和拼音选择最恰当的词语
2022-07-03 05:29:54,2022-07-03 05:48:05,IP Address,122.115.234.123,100,1090,True,2022-07-03 05:48:05,R_3fHr143zgQgC9Ta,,,,,39.9075,116.3972,anonymous,ZH-S,花园,有,他,,,,她,,,她,,,她,,他,,,,,他,,她,,,她,,,,他,,她,,,,他,,,他,幸福,排队,认同,时间,所有,这,有,香味,大约,天气,三,着,写生,光,许多,梅花,水果,也,七,北,少年,红,是,儿童,女,英语和中文,小学阶段,小学六年级,,拼音普及情况？
2022-07-03 05:44:21,2022-07-03 05:49:11,IP Address,1.203.173.222,100,290,True,2022-07-03 05:49:11,R_3P7ws2tiyJ2VNrR,,,,,39.9075,116.3972,anonymous,ZH-S,花园,有,,他,,,,他,他,,,,她,,,,他,他,,,他,,,他,,,,,她,他,,,,她,,他,,,幸福,排队,认同,时间,所有,这,有,香味,大约,天气,三,着,写生,光,许多,梅花,水果,也,七,北,少年,红,是,儿童,女,汉语 英语,高中阶段,,高中一年级,中文水平
2022-07-03 05:46:30,2022-07-03 05:51:07,IP Address,221.223.98.105,100,277,True,2022-07-03 05:51:08,R_2uTLu5g5kpSQoll,,,,,39.9075,116.3972,anonymous,ZH-S,花园,有,他,,,,她,,,,他,,她,,他,,,,,他,,她,,,她,,,她,,,她,,,,他,,,他,幸福,排队,认同,时间,所有,这,有,香味,大约,天气,三,着,写生,光,许多,梅花,水果,也,七,北,少年,红,似,儿童,女,中文，英语,高中阶段,,高中二年级,中文水平
2022-07-03 05:48:27,2022-07-03 05:51:50,IP Address,123.119.73.196,100,202,True,2022-07-03 05:51:50,R_1rGNr8kASDouNi0,,,,,39.9075,116.3972,anonymous,ZH-S,花园,有,,,他,,,他,他,,,,她,,,她,,,她,,,,他,,,他,,,她,,,他,他,,,他,,,幸福,排队,认同,时间,所有,这,有,香味,大约,天气,三,着,写生,光,许多,梅花,水果,也,七,北,少年,红,是,儿童,女,汉语/英语,高中阶段,,高中二年级,中文水平
2022-07-03 05:48:58,2022-07-03 05:52:44,IP Address,14.150.35.221,100,225,True,2022-07-03 05:52:44,R_3hn083GtsSUz77N,,,,,23.7425,114.6992,anonymous,ZH-S,花园,有,他,,,,她,,,她,,他,,,,她,,他,,,,她,,他,,,他,,,他,,,,她,,他,,,幸福,排队,认同,时间,所有,这,有,香味,大约,天气,三,着,写生,光,许多,梅花,水果,也,七,北,少年,红,是,儿童,女,中文/英语,小学阶段,小学六年级,,人均知识水平，不知道，人类的无聊程度吧。
2022-07-03 05:48:18,2022-07-03 05:52:51,IP Address,223.104.41.46,100,273,True,2022-07-03 05:52:51,R_30dUwDxevg7A4l1,,,,,39.9075,116.3972,anonymous,ZH-S,花园,有,,,他,,,他,,她,,他,,,他,,,他,,,他,,,,,他,他,,,,,他,,,他,,她,,幸福,排队,认同,时间,所有,这,有,香味,大约,天气,三,着,写生,光,许多,梅花,水果,也,七,北,少年,红,是,儿童,女,中文 英语 一点点韩语和日语,高中阶段,,高中一年级,研究人们对中文的认知程度 或者一个人的耐心 我不确定
2022-07-03 05:50:48,2022-07-03 05:54:44,IP Address,124.64.18.9,100,236,True,2022-07-03 05:54:45,R_28UoC5kL2sb6iHG,,,,,39.9075,116.3972,anonymous,ZH-S,花园,有,,她,,,她,,他,,,,,她,,她,,,她,,,,他,,,她,,她,,,她,,,,他,,她,,幸福,排队,认同,时间,所有,这,有,香味,大约,天气,三,着,写生,光,许多,梅花,水果,也,七,北,少年,红,是,儿童,男,中文 英文,高中阶段,,高中二年级,身为国人的基本中文水平
2022-07-03 05:50:51,2022-07-03 05:55:21,IP Address,124.64.16.6,100,269,True,2022-07-03 05:55:21,R_1N4C65k3YoeG1mh,,,,,39.9075,116.3972,anonymous,ZH-S,花园,有,,她,,,,她,,,她,,她,,他,,,,她,,,,她,,她,,,,她,,,她,,她,,,,她,幸福,排队,认同,时间,所有,这,有,香味,大约,天气,三,着,写生,光,许多,梅花,水果,也,七,北,少年,红,是,儿童,女,汉语，英语，法语,高中阶段,,高中二年级,性别刻板印象
2022-07-03 05:51:38,2022-07-03 05:55:44,IP Address,120.244.166.85,100,246,True,2022-07-03 05:55:44,R_vPrdJRQN5nkP5ol,,,,,39.9075,116.3972,anonymous,ZH-S,花园,有,,,她/他,,,他/她,他,,,,,他/她,,,他/她,他,,,,她,,,她,,,,他/她,他,,,,,他/她,,,她/他,幸福,排队,认同,时间,所有,这,有,香味,大约,天气,三,着,写生,光,许多,梅花,水果,也,七,北,少年,红,是,儿童,女,中文/意大利语/英语,高中阶段,,高中一年级,不知
2022-07-03 05:49:55,2022-07-03 05:55:59,IP Address,113.77.120.239,100,364,True,2022-07-03 05:56:00,R_22YyBbhTcBZHFxk,,,,,23.0177,113.7506,anonymous,ZH-S,花园,有,他,,,,她,,,她,,,,他,,她,,,她,,,她,,,她,,,,她,,,他,他,,,,她,,幸福,排队,认同,时间,所有,这,有,香味,大约,天气,三,着,写生,光,许多,梅花,水果,也,七,北,少年,鸿,是,儿童,女,英语 中文 粤语 俄语 泰语,高中阶段,,高中三年级,中文的流畅性
2022-07-03 05:51:03,2022-07-03 05:56:05,IP Address,111.192.97.225,100,302,True,2022-07-03 05:56:05,R_1gwma9gsdScPwCt,,,,,39.9075,116.3972,anonymous,ZH-S,花园,有,,,他,,她,,,她,,,,她,,她,,,,他,他,,,,,他,,她,,,,他,,,他,,她,,幸福,排队,认同,时间,所有,这,有,香味,大约,天气,三,着,写生,光,许多,梅花,水果,也,七,北,少年,红,是,儿童,女,英语和中文,高中阶段,,高中一年级,评价受试者的中文能力
2022-07-03 05:51:41,2022-07-03 05:56:06,IP Address,120.244.194.48,100,264,True,2022-07-03 05:56:06,R_RK0JB4Pl9Abljc5,,,,,39.9075,116.3972,anonymous,ZH-S,花园,有,他,,,他,,,,,,,她,,,,他,,她,,他,,,他,,,他,,,他,,,,她,,,,他,幸福,排队,认同,时间,所以,这,有,香味,大约,天气,三,着,写生,光,许多,梅花,水果,也,七,北,少年,红,是,儿童,女,中文，日语，英语，神秘方言,高中阶段,,高中二年级,母语者的打字错误率
2022-07-03 05:48:47,2022-07-03 05:56:09,IP Address,123.114.28.208,100,442,True,2022-07-03 05:56:10,R_25KNS8qriB8GVdO,,,,,39.9075,116.3972,anonymous,ZH-S,花园,有,,,他,他,,,他,,,他,,,,,他,,,他,他,,,,她,,,她,,,她,,,她,,,,他,幸福,排队,认同,时间,所有,这,有,香味,大约,天气,三,着,写生,光,许多,梅花,水果,也,七,北,少年,红,是,儿童,女,中文 一点点英语,高中阶段,,高中二年级,大众脑海中对某些职业的刻板印象
2022-07-03 05:52:49,2022-07-03 05:56:14,IP Address,114.254.115.188,100,204,True,2022-07-03 05:56:14,R_1CwjuiGrAp5HdQQ,,,,,39.9075,116.3972,anonymous,ZH-S,花园,有,,她,,,,他,他,,,他,,,,,她,,,他,,她,,他,,,,她,,,她,,他,,,他,,,幸福,排队,认同,时间,所有,这,有,香味,大约,天气,三,着,写生,光,许多,梅花,水果,也,七,北,少年,红,是,儿童,女,中文 英语 日语 德语,高中阶段,,高中三年级,是
2022-07-03 05:47:45,2022-07-03 05:56:14,IP Address,111.41.60.250,100,509,True,2022-07-03 05:56:14,R_2OVFg1mZXh0SCbP,,,,,39.9075,116.3972,anonymous,ZH-S,花园,有,,,他,,她,,他,,,,,他,他,,,他,,,他,,,,,他,他,,,,她,,,,他,他,,,幸福,排队,认同,时间,所有,这,有,香味,大约,天气,三,着,写生,光,许多,梅花,水果,也,七,北,少年,公,是,儿童,女,中文 英语 日语,高中阶段,,高中二年级,汉语母语者对汉语的掌握程度
2022-07-03 05:53:37,2022-07-03 05:57:00,IP Address,222.129.238.130,100,203,True,2022-07-03 05:57:01,R_4Tk4lRTxIDI2hsB,,,,,39.9075,116.3972,anonymous,ZH-S,花园,有,,她,,他,,,,她,,他,,,他,,,他,,,,,他,,,她,,,他,,她,,他,,,他,,,幸福,排队,认同,时间,所有,这,有,香味,大约,天气,三,着,写生,光,许多,梅花,水果,也,七,北,少年,红,是,儿童,男,中文,高中阶段,,高中二年级,对于性别刻板印象
2022-07-03 05:51:42,2022-07-03 05:57:01,IP Address,120.245.92.56,100,318,True,2022-07-03 05:57:01,R_3MJTkMsrkeWmH2l,,,,,39.9075,116.3972,anonymous,ZH-S,花园,有,他,,,他,,,他,,,,,她,,,他,他,,,,她,,,她,,,她,,他,,,,,他,,她,,幸福,排队,认同,时间,所有,这,有,香味,大约,天气,三,着,写生,光,许多,梅花,水果,也,七,北,少年,红,是,儿童,女,中文，英文,高中阶段,,高中一年级,中文水平，拼音与汉字的对应能力，以及对语境和主语的理解导致不同的他/她使用
2022-07-03 05:51:59,2022-07-03 05:57:13,IP Address,119.33.249.39,100,313,True,2022-07-03 05:57:13,R_YRegPsYnjrRGPEB,,,,,23.1181,113.2539,anonymous,ZH-S,花园,有,,她,,,她,,,她,,他,,,他,,,,她,,,她,,他,,,,,她,,,他,他,,,,,他,幸福,排队,认同,时间,所有,这,有,香味,大约,天气,三,着,写生,光,许多,梅花,水果,也,七,北,少年,红,是,儿童,女,中文，英语,高中阶段,,高中二年级,中国的文化普及率
2022-07-03 05:53:18,2022-07-03 05:57:49,IP Address,111.197.104.159,100,270,True,2022-07-03 05:57:49,R_3hGf3hefmaIz3l8,,,,,39.9075,116.3972,anonymous,ZH-S,花园,有,,她,,,,他,他,,,他,,,,她,,,,他,,她,,,,他,他,,,,,他,,,他,他,,,幸福,排队,认同,时间,所有,这,有,香味,大约,天气,三,着,写生,光,许多,梅花,水果,也,七,北,少年,红,似,儿童,女,中文、英文、日文,高中阶段,,高中二年级,不同学段、不同性别对熟悉的文字的反应速度、准确度
2022-07-03 05:53:51,2022-07-03 05:58:13,IP Address,221.218.175.236,100,261,True,2022-07-03 05:58:13,R_30bLEqFzQ3rxoYb,,,,,39.9075,116.3972,anonymous,ZH-S,花园,有,,,他（她）,,,他（她）,,她,,,她,,他,,,他,,,他,,,,她,,,,他（她）,他,,,他,,,,,他（她）,幸福,排队,认同,时间,所有,这,有,香味,大约,天气,三,着,写生,光,许多,梅花,水果,也,七,北,少年,红,是,儿童,男,汉语 英语（水平欠佳）,高中阶段,,高中二年级,汉字与词语的使用 性别刻板印象
2022-07-03 05:55:29,2022-07-03 05:58:26,IP Address,120.244.192.114,100,177,True,2022-07-03 05:58:27,R_3P5YR8BeeOrNlbA,,,,,39.9075,116.3972,anonymous,ZH-S,花园,有,,,他,,她,,,她,,,她,,他,,,他,,,他,,,,她,,,,她,,,他,,,他,,,他,幸福,排队,认同,时间,所有,这,有,香味,大约,天气,三,着,写生,光,许多,梅花,水果,也,七,北,少年,红,是,儿童,女,中文,高中阶段,,高中二年级,写字
2022-07-03 05:49:08,2022-07-03 05:58:45,IP Address,113.5.12.24,100,576,True,2022-07-03 05:58:45,R_2EEnFbwGWUqBiMS,,,,,45.75,126.65,anonymous,ZH-S,花园,有,,她,,他,,,,,他,,她,,,,他,,,他,,她,,,她,,,她,,,她,,,,他,,她,,幸福,排队,认同,时间,所有,这,有,香味,大约,天气,三,着,写生,光,许多,梅花,水果,也,七,北,少年,红,是,儿童,女,中文,高中阶段,,高中三年级,中文水平
2022-07-03 05:53:06,2022-07-03 05:58:47,IP Address,114.254.2.46,100,341,True,2022-07-03 05:58:47,R_3QPj6XvANzPTiPJ,,,,,39.9075,116.3972,anonymous,ZH-S,花园,有,他,,,,,他,,,她,,,她,,她,,,,他,他,,,,她,,他,,,,,他,,她,,他,,,幸福,排队,认同,时间,所有,这,有,香味,大约,天气,三,着,写生,光,许多,梅花,水果,也,七,北,少年,红,是,儿童,女,中文,高中阶段,,高中二年级,测试拼音能力
2022-07-03 05:50:53,2022-07-03 05:59:13,IP Address,120.244.194.176,100,499,True,2022-07-03 05:59:13,R_2wuHDZGH0HWmhj7,,,,,39.9075,116.3972,anonymous,ZH-S,花园,有,,她,,他,,,他,,,,,他,,,她,他,,,,,他,他,,,,她,,,她,,,她,,,,她,幸福,排队,认同,时间,所有,这,有,香味,大约,天气,三,着,写生,光,许多,梅花,水果,也,七,北,少年,红,是,儿童,女,中文普通话，英文,高中阶段,,高中二年级,性别？
2022-07-03 05:54:45,2022-07-03 05:59:33,IP Address,123.115.142.205,100,288,True,2022-07-03 05:59:34,R_28D5KT7PLO4wVCp,,,,,39.9075,116.3972,anonymous,ZH-S,花园,有,他,,,,,他,,,他,,她,,,,她,,她,,,,他,他,,,,她,,,她,,他,,,他,,,幸福,排队,认同,时间,所有,这,有,鲜味,大约,天气,三,着,写生,光,许多,梅花,水果,也,七,北,少年,红,是,儿童,男,汉语 英语,高中阶段,,高中二年级,性别刻板印象
2022-07-03 05:55:14,2022-07-03 05:59:44,IP Address,114.246.40.176,100,270,True,2022-07-03 05:59:44,R_RLAy3srRKVvMC6B,,,,,39.9075,116.3972,anonymous,ZH-S,花园,有,他,,,,她,,他,,,,,她,,她,,,她,,,她,,他,,,他,,,,,他,他,,,,她,,幸福,排队,认同,时间,所有,这,有,香味,大约,天气,三,着,写生,光,许多,梅花,水果,也,七,北,少年,红,是,儿童,男,中文，英文，日语,高中阶段,,高中三年级,不知道
2022-07-03 05:58:39,2022-07-03 06:01:56,IP Address,123.112.29.178,100,197,True,2022-07-03 06:01:57,R_BE5c9TPxeJMkF4B,,,,,39.9075,116.3972,anonymous,ZH-S,花园,有,他,,,他,,,,,他,,她,,他,,,,她,,,,他,他,,,,她,,,,他,,,他,,她,,幸福,排队,认同,时间,所有,整,有,香味,大约,天气,三,着,写生,光,许多,梅花,水果,也,七,北,少年,红,是,儿童,男,中文,高中阶段,,高中二年级,能让我体验一把学霸的感受
2022-07-03 05:57:47,2022-07-03 06:02:18,IP Address,112.49.96.229,100,270,True,2022-07-03 06:02:19,R_28UG6O0KH0m5yfS,,,,,26.0492,119.2906,anonymous,ZH-S,花园,有,,她,,,她,,他,,,他,,,,她,,,,他,他,,,,她,,他,,,他,,,他,,,,,他,幸福,排队,认同,时间,所有,这,有,香味,大约,天气,三,着,写生,光,许多,梅花,水果,也,七,北,少年,红,是,儿童,女,中文,高中阶段,,高中一年级,人对于常用语言的习惯性用法和了解程度
2022-07-03 05:58:55,2022-07-03 06:02:34,IP Address,218.241.249.6,100,218,True,2022-07-03 06:02:34,R_2P1pjGOnJNUvhRv,,,,,39.9075,116.3972,anonymous,ZH-S,花园,有,,她,,,她,,,她,,他,,,,,他,,她,,他,,,,,他,,,她,,她,,,她,,他,,,幸福,排队,认同,时间,所有,这,有,香味,大约,天气,三,着,写生,光,许多,梅花,水果,也,七,背,少年,红,是,儿童,男,汉语英语,高中阶段,,高中二年级,
2022-07-03 05:58:38,2022-07-03 06:03:17,IP Address,221.218.170.50,100,279,True,2022-07-03 06:03:18,R_0fF7lxltH6e6ogh,,,,,39.9075,116.3972,anonymous,ZH-S,花园,有,,,他,他,,,,她,,,她,,他,,,他,,,,她,,他,,,他,,,,,他,,,他,他,,,幸福,排队,认同,时间,所有,这,有,香味,大约,天气,三,着,写生,光,许多,梅花,水果,也,七,北,少年,红,是,儿童,男,中文，英文,高中阶段,,高中三年级,拼音与汉字的适配度
2022-07-03 06:00:01,2022-07-03 06:03:17,IP Address,119.32.73.132,100,195,True,2022-07-03 06:03:18,R_1CvIhgakbhEO7yC,,,,,23.1181,113.2539,anonymous,ZH-S,花园,有,,,他,,,他,他,,,,她,,,,他,,她,,,她,,,她,,,她,,,,他,他,,,,,他,幸福,排队,认同,时间,所有,这,有,香味,大约,天气,三,着,写生,光,许多,梅花,水果,也,七,北,少年,红,是,儿童,男,中文英文,高中阶段,,高中二年级,不知道
2022-07-03 05:58:29,2022-07-03 06:03:52,IP Address,58.62.29.125,100,323,True,2022-07-03 06:03:53,R_2rIrEBodJ0gtnqi,,,,,22.9326,112.0409,anonymous,ZH-S,花园,有,他,,,,,他,他,,,,,他,,她,,他,,,,,他,,,他,他,,,,她,,,,他,,,他,幸福,排队,认同,时间,所有,这,有,香味,大约,天气,三,着,写生,光,许多,梅花,水果,也,七,北,少年,红,是,儿童,女,汉语英语,高中阶段,,高中二年级,中文水平
2022-07-03 06:02:03,2022-07-03 06:06:38,IP Address,111.199.150.49,100,275,True,2022-07-03 06:06:39,R_1OrafdlVWTDBfYb,,,,,39.9075,116.3972,anonymous,ZH-S,花园,有,他,,,他,,,,她,,他,,,,,他,,她,,,,他,,她,,,,他,他,,,他,,,,她,,幸福,排队,认同,时间,所有,这,有,香味,大约,天气,三,着,写生,光,许多,梅花,水果,也,七,北,少年,红,似,儿童,女,中文，英语,高中阶段,,高中三年级,拼音拼写和中文句子理解，也许也有在中文语境下对职业的性别刻板印象?
2022-07-03 06:05:29,2022-07-03 06:09:10,IP Address,120.245.68.255,100,221,True,2022-07-03 06:09:10,R_3qrqxZsT0iQe5jL,,,,,39.9075,116.3972,anonymous,ZH-S,花园,有,他,,,,她,,,,他,他,,,,她,,他,,,,,他,他,,,,她,,他,,,,她,,,她,,幸福,排队,认同,时间,所有,这,有,香味,大约,天气,三,着,写生,光,许多,梅花,水果,也,七,北,少年,红,是,儿童,男,汉语，英语,高中阶段,,高中二年级,研究汉语字词与拼音的对应能力以及上下文联系
2022-07-03 06:05:00,2022-07-03 06:11:26,IP Address,120.244.194.126,100,385,True,2022-07-03 06:11:26,R_21iEA0PBmQyZdGf,,,,,39.9075,116.3972,anonymous,ZH-S,花园,有,,她,,,,他／她,他,,,,,他／她,他,,,,,他／她,他,,,,,他／她,他,,,,,他／她,,,他／她,他,,,幸福,排队,认同,时间,所有,这,有,香味,大约,天气,三,着,写生,光,许多,梅花,水果,也,七,北,少年,红,是,儿童,女,中文、英文,高中阶段,,高中二年级,各阶段学生对母语的了解和认识
2022-07-03 06:07:02,2022-07-03 06:11:55,IP Address,120.244.10.103,100,292,True,2022-07-03 06:11:55,R_2RO1Xp346vCNE32,,,,,39.9075,116.3972,anonymous,ZH-S,花园,有,,,他,他,,,,她,,,她,,,她,,,,他,,,他,,她,,他,,,,她,,他,,,,,他,幸福,排队,认同,时间,所有,这,有,香味,大约,天气,三,着,写生,光,许多,梅花,水果,也,七,北,少年,红,是,儿童,女,中文 英语,高中阶段,,高中二年级,中文
2022-07-03 06:08:28,2022-07-03 06:14:53,IP Address,114.254.3.180,100,385,True,2022-07-03 06:14:53,R_3ncMlm9eN2l0HiW,,,,,39.9075,116.3972,anonymous,ZH-S,花园,有,,,他,,她,,,,他,,她,,,,她,他,,,,,他,他,,,,,她,他,,,,她,,他,,,幸福,排队,认同,时间,所有,这,有,香味,大约,天气,三,着,写生,光,许多,梅花,水果,也,七," 北",少年,红,是,儿童,男,汉语和英语,高中阶段,,高中二年级,以汉语为母语者能否正常说汉语
2022-07-03 06:11:51,2022-07-03 06:15:36,IP Address,223.72.41.145,100,225,True,2022-07-03 06:15:37,R_1flvkd2fiOhULQ5,,,,,39.9075,116.3972,anonymous,ZH-S,花园,有,,她,,他,,,他,,,他,,,他,,,,她,,,她,,,,她,,她,,,,他,他,,,他,,,幸福,排队,认同,时间,所有,这,有,香味,大约,天气,三,着,写生,光,许多,梅花,水果,也,七,北,少年,红,是,儿童,男,中文 英语,高中阶段,,高中二年级,汉语言已混字
2022-07-03 06:14:01,2022-07-03 06:17:41,IP Address,120.245.94.28,100,220,True,2022-07-03 06:17:41,R_bDEf0jGlLbWRNAJ,,,,,39.9075,116.3972,anonymous,ZH-S,花园,有,他,,,他,,,,,他,他,,,,她,,他,,,,她,,他,,,他,,,,她,,他,,,,她,,幸福,排队,认同,时间,所有,这,有,香味,大约,天气,三,着,写生,光,许多,梅花,水果,也,七,北,少年,红,是,儿童,非二元性别/第三性别,英语 西班牙语 中文,高中阶段,,高中一年级,
2022-07-03 06:11:39,2022-07-03 06:18:38,IP Address,223.70.163.78,100,419,True,2022-07-03 06:18:38,R_3psTDYnL8iZPEV7,,,,,39.9075,116.3972,anonymous,ZH-S,花园,有,,她,,,,TA,,她,,,,TA,,,他,,她,,,,TA,,她,,他,,,,她,,,她,,,,她,性福,排队,认同,时间,所有,浙,有,香味,大约,天气,三,着,写生,光,许多,梅花,水果,yee,7,北,少男,红,似,儿童,男,中文,高中阶段,,高中一年级,不同碱基对排列顺序对基因表达的影响
2022-07-03 06:15:32,2022-07-03 06:19:39,IP Address,120.244.192.49,100,246,True,2022-07-03 06:19:39,R_1DC2ROS3JGoMiUx,,,,,39.9075,116.3972,anonymous,ZH-S,花园,有,,她,,,她,,他,,,,,他,,,他,,,他,他,,,,她,,,,他,他,,,,,他,他,,,幸福,排队,认同,时间,所有,这,有,香味,大约,天气,三,着,写生,光,许多,梅花,水果,也,七,北,少年,红,是,儿童,女,中文，英语,高中阶段,,高中三年级,耐心？
2022-07-03 06:13:22,2022-07-03 06:20:08,IP Address,114.253.202.29,100,405,True,2022-07-03 06:20:08,R_2TMLsWC5HKF5J8n,,,,,39.9075,116.3972,anonymous,ZH-S,花园,有,他,,,,,他,,她,,,她,,他,,,他,,,他,,,,,她,,,她,他,,,,,他,,她,,幸福,排队,认同,时间,所有,这,有,香味,大约,天气,三,着,写生,光,许多,梅花,水果,也,七,北,少年,红,是,儿童,男,中文 英语,高中阶段,,高中二年级,如何更好的学习中文（对于给外国人而言）
2022-07-03 06:17:29,2022-07-03 06:21:20,IP Address,27.219.211.59,100,231,True,2022-07-03 06:21:20,R_PZqDjGoMY774qQh,,,,,31.2222,121.4581,anonymous,ZH-S,花园,有,他,,,,,他,,,他,他,,,他,,,,,他,,,他,他,,,,她,,他,,,,她,,他,,,幸福,排队,认同,时间,所有,这,有,香味,大约,天气,三,着,写生,光,许多,梅花,水果,也,七,北,少年,红,是,儿童,女,语文英语日语,高中阶段,,高中二年级,人们对于汉字的运用
2022-07-03 06:17:08,2022-07-03 06:22:07,IP Address,120.244.226.98,100,298,True,2022-07-03 06:22:07,R_2dXAevDGl3Mu2Uz,,,,,39.9075,116.3972,anonymous,ZH-S,花园,有,,,她,,她,,,,她,,她,,,她,,,她,,,她,,,,她,,,她,,她,,,她,,,她,,幸福,排队,认同,时间,所有,这,有,香味,大约,天气,三,着,写生,光,许多,梅花,水果,也,七,北,少年,红,是,儿童,男,中文,高中阶段,,高中二年级,中国人语文知识分布
2022-07-03 06:19:09,2022-07-03 06:22:49,IP Address,120.245.102.168,100,219,True,2022-07-03 06:22:49,R_1E5Lc1FDg1j5Gf1,,,,,39.9075,116.3972,anonymous,ZH-S,花园,有,,她,,,她,,,她,,,,她,,,她,他,,,他,,,,她,,,她,,,,他,他,,,,,他,幸福,排队,认同,时间,所有,这,有,香味,大约,天气,三,着,写生,光,许多,梅花,水果,也,七,北,少年,红,是,儿童,女,"中文 英文 韩文 ",高中阶段,,高中三年级,性别刻板印象
2022-07-03 06:19:15,2022-07-03 06:22:56,IP Address,223.72.76.17,100,221,True,2022-07-03 06:22:57,R_33gbIQfD29UH1Tr,,,,,39.9075,116.3972,anonymous,ZH-S,花园,有,,,他,他,,,他,,,,他,,,她,,,,他,,,他,他,,,他,,,,,他,,,他,,,他,幸福,排队,认同,时间,所有,这,有,香味,大约,天气,三,着,写生,光,许多,梅花,水果,也,七,北,少年,红,是,儿童,男,中文,高中阶段,,高中二年级,高中生的中文水平
2022-07-03 06:23:37,2022-07-03 06:27:19,IP Address,114.254.0.150,100,221,True,2022-07-03 06:27:19,R_3Rrvh84SyqQx5yk,,,,,39.9075,116.3972,anonymous,ZH-S,花园,有,,,他/她,他,,,他,,,他,,,,,他/她,他,,,,她,,他,,,,她,,他,,,,,他/她,,,他/她,幸福,排队,认同,时间,所有,这,有,香味,大约,天气,三,着,写生,光,许多,梅花,水果,也,七,北,少年,红,是,儿童,女,中文 英文,高中阶段,,高中二年级,群众的性别潜意识和刻板印象
2022-07-03 06:22:58,2022-07-03 06:28:00,IP Address,221.221.23.28,100,301,True,2022-07-03 06:28:01,R_T5XRmO9FMc7kCxr,,,,,39.9075,116.3972,anonymous,ZH-S,花园,有,他,,,,,他,,,他,他,,,,她,,,,他,,她,,,,他,他,,,,她,,他,,,,,他,幸福,排队,认同,时间,所有,这,有,香味,大约,天气,三,着,写生,光,许多,梅花,水果,也,七,北,少年,红,是,儿童,女,中文、英文、法语简单对话,高中阶段,,高中二年级,对简单字形的辨认、打字能力、对于做简单问卷的耐心、是否在回答问题时足够坚定（？
2022-07-03 06:24:30,2022-07-03 06:28:21,IP Address,114.254.9.114,100,230,True,2022-07-03 06:28:21,R_3psYps0JvVMHcY2,,,,,39.9075,116.3972,anonymous,ZH-S,花园,有,他,,,他,,,他,,,,她,,他,,,,她,,,,他,,,他,,她,,,她,,,她,,他,,,幸福,排队,认同,时间,所有,这,有,鲜味,大约,天气,三,着,写生,光,许多,梅花,水果,也,七,北,少年,红,是,儿童,女,中文 英语,高中阶段,,高中二年级,对中文基础用词的准确性？
2022-07-03 06:24:48,2022-07-03 06:28:32,IP Address,183.95.34.192,100,223,True,2022-07-03 06:28:32,R_2Ug86mInTZhJzzj,,,,,30.589,114.2681,anonymous,ZH-S,花园,有,,她,,,,他,,,他,,,她,他,,,,她,,他,,,,她,,,,她,,她,,,她,,他,,,幸福,排队,认同,时间,所有,这,有,香味,大约,天气,三,着,写生,光,许多,梅花,水果,也,七,北,少年,洪,是,儿童,女,中文 英文,高中阶段,,高中二年级,文化受众
2022-07-03 06:26:45,2022-07-03 06:29:57,IP Address,221.192.180.145,100,191,True,2022-07-03 06:29:57,R_sHfVj71KYK9ZXQl,,,,,38.036,114.4654,anonymous,ZH-S,花园,有,,,他,,,他,他,,,,,他,,,他,,,他,,,他,他,,,,她,,他,,,他,,,,她,,幸福,排队,认同,时间,所有,这,有,香味,大约,天气,三,着,写生,光,许多,梅花,水果,也,七,北,少年,红,是,儿童,女,中文。英文。,高中阶段,,高中一年级,
2022-07-03 06:24:27,2022-07-03 06:30:28,IP Address,120.244.194.156,100,360,True,2022-07-03 06:30:28,R_1llNNMYEGqvbRNF,,,,,39.9075,116.3972,anonymous,ZH-S,花园,有,,她,,他,,,,她,,,她,,,,他/她,他,,,,,他/她,,她,,,,他/她,,,他/她,,,他/她,,她,,幸福,排队,认同,时间,所有,这,有,香味,大约,天气,三,着,写生,光,许多,梅花,水果,也,七,北,少年,红,是,儿童,女,汉语/英语,高中阶段,,高中二年级,我们对于职业的性别刻板印象
2022-07-03 06:28:15,2022-07-03 06:32:01,IP Address,218.85.218.205,100,226,True,2022-07-03 06:32:02,R_2WMWuwvg4y9eme7,,,,,24.9051,118.5707,anonymous,ZH-S,花园,有,,她,,,她,,,她,,,她,,,,她,他,,,他,,,他,,,,,她,,,他,他,,,他,,,幸福,排队,认同,时间,所有,这,有,香味,大约,天气,三,着,写生,光,许多,梅花,水果,也,七,北,少年,红,是,儿童,女,中文，英语,高中阶段,,高中二年级,学生的中文水平
2022-07-03 06:27:47,2022-07-03 06:32:50,IP Address,117.150.206.161,100,302,True,2022-07-03 06:32:50,R_3LjygT1OXn9756B,,,,,30.589,114.2681,anonymous,ZH-S,花园,有,他,,,他,,,,,他,,,他,,她,,,,他,他,,,,,他,他,,,他,,,,,他,,,他,幸福,排队,认同,时间,所有,整,有,香味,大约,天气,三,着,写生,光,许多,梅花,水果,也,七,北,少年,红,是,儿童,女,中文,高中阶段,,高中二年级,
2022-07-03 06:29:22,2022-07-03 06:33:19,IP Address,120.245.68.237,100,237,True,2022-07-03 06:33:20,R_XuZmCQvS5wyVPtn,,,,,39.9075,116.3972,anonymous,ZH-S,花园,有,,,他,,,他,,,他,他,,,,她,,,她,,,她,,,她,,他,,,,她,,,她,,他,,,幸福,排队,认同,时间,所以,这,有,香味,大约,天气,三,着,写生,光,许多,梅花,水果,也,七,北,少年,红,是,儿童,男,汉语，英语，粤语,高中阶段,,高中二年级,研究高中生的语文水平有没有差到和小学生一个水平
2022-07-03 06:33:20,2022-07-03 06:37:35,IP Address,117.136.38.75,100,255,True,2022-07-03 06:37:36,R_3RkiOtZxrL14aTP,,,,,39.9075,116.3972,anonymous,ZH-S,花园,有,,她,,,,他,,她,,他,,,,,他,,她,,,,他,,,他,,,她,,她,,他,,,,她,,幸福,排队,认同,时间,所有,这,有,香味,大约,天气,三,着,写生,光,许多,梅花,水果,也,七,北,少年,红,是,儿童,男,英语 中文,高中阶段,,高中二年级,为了研究出题人对于语文的人称是不是有什么误会
2022-07-03 06:33:48,2022-07-03 06:39:03,IP Address,111.201.90.0,100,315,True,2022-07-03 06:39:03,R_3HviGeST8XlkNVw,,,,,39.9075,116.3972,anonymous,ZH-S,花园,有,,,他,他,,,他,,,,她,,,她,,,,他,他,,,,她,,,她,,,,他,他,,,,,他,幸福,排队,认同,时间,所有,这,有,香味,大约,天气,三,着,写生,光,许多,梅花,水果,也,七,北,少年,红,是,儿童,女,中文,高中阶段,,高中三年级,中文母语者对拼音以及汉字的理解和掌握程度
2022-07-03 06:30:04,2022-07-03 06:39:11,IP Address,120.204.215.1,100,547,True,2022-07-03 06:39:12,R_1LHYHzmQGEAEzcq,,,,,31.2222,121.4581,anonymous,ZH-S,花园,有,,她,,,她,,他,,,,,他,他,,,他,,,,她,,他,,,,,他,他,,,,她,,,,他,幸福,排队,认同,时间,所有,这,有,香味,大约,天气,三,着,写生,光,许多,梅花,水果,也,七,北,少年,红,是,儿童,女,汉语,高中阶段,,高中三年级,同音词？人称代词？
2022-07-03 06:36:10,2022-07-03 06:41:18,IP Address,120.244.164.74,100,307,True,2022-07-03 06:41:19,R_29hP2ZXzpqgH7SW,,,,,39.9075,116.3972,anonymous,ZH-S,花园,有,,,他,,,他,,,他,,,他,,,他,,她,,他,,,,,他,,她,,,,他,他,,,,,他,幸福,排队,认同,时间,所有,这,有,香味,大约,天气,三,着,写生,光,许多,梅花,水果,也,七,北,少年,红,是,儿童,女,中文 英语 法语,高中阶段,,高中二年级,中文拼音掌握程度及熟练度
2022-07-03 06:37:03,2022-07-03 06:41:39,IP Address,171.218.49.96,100,276,True,2022-07-03 06:41:39,R_26hVxSXepZW9YkZ,,,,,30.6498,104.0555,anonymous,ZH-S,花园,有,他,,,,她,,他,,,,她,,他,,,他,,,,,他,,她,,他,,,他,,,,,他,他,,,幸福,排队,认同,时间,所有,这,有,香味,大约,天气,三,着,写生,光,许多,梅花,水果,也,七,北,少年,红,是,儿童,女,中文,高中阶段,,高中三年级,她和他的分辨
2022-07-03 06:37:43,2022-07-03 06:43:50,IP Address,223.104.42.107,100,366,True,2022-07-03 06:43:50,R_abn5hkJ4UOVjz57,,,,,39.9075,116.3972,anonymous,ZH-S,花园,有,,她,,他,,,,她,,,她,,,她,,,她,,,她,,,她,,他,,,,,他,,,她,他,,,幸福,排队,认同,时间,所有,这,有,香味,大约,天气,三,着,写生,光,许多,梅花,水果,也,七,北,少年,红,是,儿童,女,中文 英语,高中阶段,,高中二年级,
2022-07-03 06:01:21,2022-07-03 06:44:47,IP Address,223.215.114.48,100,2606,True,2022-07-03 06:44:47,R_1OoSlIrN7LPTSkz,,,,,30.76,118.4054,anonymous,ZH-S,花园,有,他,,,,她,,,她,,他,,,他,,,,,他,,她,,他,,,他,,,,,他,,,他,,她,,幸福,排队,认同,时间,所有,这,有,香味,大约,天气,三,着,写生,光,许多,梅花,水果,也,七,北,少年,红,是,儿童,男,中文,高中阶段,,高中三年级,中文的她他
2022-07-03 06:44:15,2022-07-03 06:48:45,IP Address,113.116.112.175,100,270,True,2022-07-03 06:48:46,R_2WvWmnTmVZfkpGX,,,,,32.0355,112.149,anonymous,ZH-S,花园,有,,她,,,她,,,她,,,,他,,她,,,,她,,,她,,,她,他,,,,她,,,她,,,,她,幸福,排队,认同,时间,所有,这,有,香味,大约,天气,三,着,写生,光,许多,梅花,水果,也,七,北,少年,红,是,儿童,女,中文 英语,高中阶段,,高中三年级,性别认知相关（或者说性别歧视）
2022-07-03 06:48:47,2022-07-03 06:51:56,IP Address,114.250.226.51,100,188,True,2022-07-03 06:51:56,R_OBwFCUmyD2M9gRP,,,,,39.9075,116.3972,anonymous,ZH-S,花园,有,他,,,,她,,,,他,他,,,,她,,,,他,,她,,,,他,,她,,他,,,他,,,他,,,幸福,排队,认同,时间,所有,这,有,香味,大约,天气,三,着,写生,光,许多,梅花,水果,也,七,北,少年,红,是,儿童,女,汉语，英语,高中阶段,,高中三年级,被调查者的中文水平
2022-07-03 06:46:11,2022-07-03 06:52:05,IP Address,112.49.235.155,100,353,True,2022-07-03 06:52:05,R_3fAWjmKWb0ihc7T,,,,,26.0492,119.2906,anonymous,ZH-S,花园,有,,,他/她,,,他/她,,她,,,,他/她,他,,,他,,,,,他/她,他,,,,,她/他,他,,,,她,,,她,,幸福,排队,认同,时间,所有,这,有,香味,大约,天气,三,着,写生,光,许多,梅花,水果,也,七,北,少年,红,似,儿童,女,中文，英语,高中阶段,,高中三年级,社会工种性别刻板认知
2022-07-03 06:41:54,2022-07-03 06:53:34,IP Address,175.153.169.107,100,699,True,2022-07-03 06:53:34,R_3lLbiBoSt42IfwT,,,,,30.6498,104.0555,anonymous,ZH-S,花园,有,,,他,,她,,他,,,,她,,他,,,他,,,,她,,,她,,,,她,,,他,他,,,,她,,幸福,排队,认同,时间,所有,这,有,香味,大约,天气,三,这,写生,光,许多,梅花,水果,也,七,被,少年,红,是,儿童,男,中午,高中阶段,,高中一年级,区分人和机器人
2022-07-03 06:52:45,2022-07-03 06:56:24,IP Address,111.197.146.168,100,218,True,2022-07-03 06:56:24,R_3PBQueArrdZO9q0,,,,,39.9075,116.3972,anonymous,ZH-S,花园,有,,她,,他,,,,她,,,她,,他,,,,她,,,,他,他,,,他,,,,,他,,,他,,她,,幸福,排队,认同,时间,所有,这,有,香味,大约,天气,三,着,写生,光,许多,梅花,水果,也,七,北,少年,红,似,儿童,男,英法美日德俄罗斯,高中阶段,,高中二年级,无所谓了，我也是被迫的
2022-07-03 06:51:26,2022-07-03 06:56:47,IP Address,222.129.61.127,100,320,True,2022-07-03 06:56:47,R_XvJmQYNmHbXAkKt,,,,,39.9075,116.3972,anonymous,ZH-S,花园,有,他,,,,,他,他,,,他,,,,,他,他,,,,她,,,,他,他,,,,她,,,她,,,,他,幸福,排队,认同,时间,所有,这,有,香味,大约,天气,三,着,写生,光,许多,梅花,水果,也,七,北,少年,红,是,儿童,女,中文,高中阶段,,高中二年级,
2022-07-03 06:56:06,2022-07-03 07:00:19,IP Address,61.156.119.225,100,252,True,2022-07-03 07:00:19,R_1EiHeB909SYGafP,,,,,36.061,120.3814,anonymous,ZH-S,花园,有,,她,,,她,,,她,,他,,,,,他,他,,,他,,,,她,,,,她,他,,,他,,,,,他,幸福,排队,认同,时间,所有,这,有,香味,大约,天气,三,着,写生,光,许多,梅花,水果,也,七,北,少年,红,是,儿童,女,中文英文,高中阶段,,高中三年级,
2022-07-03 06:59:04,2022-07-03 07:03:28,IP Address,42.91.140.73,100,264,True,2022-07-03 07:03:29,R_1qfYgsHcZZNhzl2,,,,,36.0647,103.8397,anonymous,ZH-S,花园,有,,,他,,,他,他,,,,,她,他,,,,她,,他,,,,,他,,她,,,,他,他,,,,她,,幸福,排队,认同,时间,所有,这,有,香味,大约,天气,三,着,写生,光,许多,梅花,水果,也,七,北,少年,红,是,儿童,女,英语汉语日语,高中阶段,,高中三年级,输入法
2022-07-03 07:00:19,2022-07-03 07:04:12,IP Address,120.230.116.61,100,232,True,2022-07-03 07:04:12,R_6QEa4RYXQGvWKid,,,,,23.1181,113.2539,anonymous,ZH-S,花园,有,,,他,他,,,,,他,,她,,,,他,他,,,,,他,他,,,他,,,他,,,,她,,,她,,幸福,排队,认同,时间,所有,这,有,香味,大约,天气,三,着,写生,光,许多,梅花,水果,也,七,北,少年,红,似,儿童,男,中文，英文，法文,高中阶段,,高中二年级,学习
2022-07-03 07:00:30,2022-07-03 07:06:08,IP Address,114.246.174.194,100,338,True,2022-07-03 07:06:09,R_3fHPmkLRrI2NFsN,,,,,39.9075,116.3972,anonymous,ZH-S,花园,有,他,,,,她,,,她,,,,她,,她,,,她,,,她,,,,他,,,她,,,他,,她,,他,,,幸福,排队,认同,时间,所有,这,有,香味,大约,天气,三,着,写生,光,许多,梅花,水果,也,七,北,少年,红,是,儿童,女,中英  极少的日语,高中阶段,,高中二年级,敏感地感受到对一些职业的任职人性别的模糊界定  且后期问了性别  觉得有一部分可能是调查不同性别对各种职业的人的性别（也许刻板）印象
2022-07-03 07:02:53,2022-07-03 07:07:24,IP Address,223.72.80.242,100,271,True,2022-07-03 07:07:24,R_D2jUaNo5IGApJxn,,,,,39.9075,116.3972,anonymous,ZH-S,花园,有,,她,,他,,,,她,,,她,,,,他,,,她,他,,,他,,,他,,,,她,,,,她,,她,,幸福,排队,认同,时间,所有,这,有,香味,大约,天气,三,着,写生,光,许多,梅花,水果,也,七,北,少年,红,是,儿童,男,中文 英文,高中阶段,,高中二年级,对语言的把握性
2022-07-03 07:03:23,2022-07-03 07:08:22,IP Address,221.220.60.31,100,298,True,2022-07-03 07:08:22,R_3OqMo9Vm2lzOcgr,,,,,39.9075,116.3972,anonymous,ZH-S,花园,有,他,,,,她,,,她,,,,她,他,,,,她,,,她,,,,他,,她,,,,他,,,他,他,,,幸福,排队,认同,时间,所有,这,有,香味,大约,天气,三,着,写生,光,许多,梅花,水果,也,七,北,少男,红,是,儿童,男,中文,高中阶段,,高中三年级,人们对性别从事的职业的潜意识认同
2022-07-03 07:04:25,2022-07-03 07:09:21,IP Address,123.123.40.207,100,295,True,2022-07-03 07:09:21,R_3NDQ3hCrIedKp1H,,,,,39.9075,116.3972,anonymous,ZH-S,花园,有,,,他,,她,,他,,,他,,,,她,,,,她,,,她,,她,,,,他,,她,,,她,,,,他,幸福,排队,认同,时间,所有,这,有,香味,大约,天气,三,着,写生,光,许多,梅花,水果,也,七,北,少年,红,是,儿童,女,中文,小学阶段,小学六年级,,不知道
2022-07-03 07:04:17,2022-07-03 07:10:16,IP Address,120.245.92.20,100,358,True,2022-07-03 07:10:16,R_1hPYoAG7Cz1nw69,,,,,39.9075,116.3972,anonymous,ZH-S,花园,有,,她,,他,,,,,她,他,,,,,她,,,他,,她,,他,,,他,,,他,,,他,,,,,他,幸福,排队,认同,时间,所有,这,有,香味,大约,天气,三,着,写生,光,许多,梅花,水果,也,七,北,少年,红,是,儿童,男,汉语，英语,高中阶段,,高中二年级,对拼音与句意的理解
2022-07-03 07:06:25,2022-07-03 07:11:44,IP Address,61.51.93.178,100,319,True,2022-07-03 07:11:45,R_2EaxAxBps8PSbXJ,,,,,39.9075,116.3972,anonymous,ZH-S,花园,有,他,,,他,,,他,,,,她,,他,,,,她,,他,,,他,,,,她,,,,他,他,,,他,,,幸福,排队,认同,时间,所有,这,有,香味,大约,天气,三,着,写生,光,许多,梅花,水果,也,七,北,少年,红,是,儿童,男,中英日法徳意,高中阶段,,高中二年级,小学和中学学生对中文中拼音和词语字形的把握
2022-07-03 07:07:39,2022-07-03 07:12:17,IP Address,123.113.226.8,100,278,True,2022-07-03 07:12:17,R_PtDh6HMRTGDIs01,,,,,39.9075,116.3972,anonymous,ZH-S,花园,有,,,他,,她,,他,,,,她,,,,他,他,,,,她,,,她,,他,,,,,他,,她,,,她,,幸福,排队,认同,时间,所有,这,有,香味,大约,天气,三,着,写生,光,许多,梅花,水果,也,七,北,少年,红,是,儿童,女,中文,高中阶段,,高中二年级,.
2022-07-03 07:08:59,2022-07-03 07:12:41,IP Address,61.51.137.162,100,222,True,2022-07-03 07:12:42,R_2TS61ttMv3fgfI7,,,,,39.9075,116.3972,anonymous,ZH-S,花园,有,他,,,,,他/她,,她,,,她,,,她,,,,他 她,他,,,他,,,,她,,他,,,他,,,他,,,幸福,排队,认同,时间,所有,这,有,香味,大约,天气,三,着,写生,光,许多,梅花,水果,也,七,北,少年,红,是,儿童,女,中文 英语,高中阶段,,高中二年级,
2022-07-03 07:10:19,2022-07-03 07:14:13,IP Address,221.221.217.191,100,233,True,2022-07-03 07:14:13,R_3qyUmnLuPoQ6t4R,,,,,39.9075,116.3972,anonymous,ZH-S,花园,有,,她,,,她,,,她,,他,,,,她,,,她,,,她,,,,他,,,他,,她,,,,他,,,他,幸福,排队,认同,时间,所有,这,有,香味,大约,天气,三,着,写生,光,许多,梅花,水果,也,七,北,少年,红,是,儿童,女,中文,高中阶段,,高中一年级,中文水平？
2022-07-03 07:10:24,2022-07-03 07:15:37,IP Address,222.131.243.203,100,312,True,2022-07-03 07:15:37,R_1l9vmZKXlbp2iAd,,,,,39.9075,116.3972,anonymous,ZH-S,花园,有,他,,,,,他,,,他,,,她,他,,,他,,,他,,,,她,,,她,,,,他,他,,,,,他,幸福,排队,认同,时间,所有,这,有,香味,大约,天气,三,着,写生,光,许多,梅花,水果,也,七,北,少年,红,是,儿童,女,中文英文,高中阶段,,高中一年级,拼音文字？她/他？性别？
2022-07-03 07:12:52,2022-07-03 07:17:33,IP Address,114.250.36.86,100,280,True,2022-07-03 07:17:33,R_pud8xkCeWgNKnRL,,,,,39.9075,116.3972,anonymous,ZH-S,花园,有,,她,,他,,,,,他,他,,,他,,,,,他,,,他,他,,,他,,,,,他,他,,,,她,,幸福,排队,认同,时间,所有,这,有,香味,大约,天气,三,着,写生,光,许多,梅花,水果,也,七,北,少年,红,是,儿童,女,中文 英语,高中阶段,,高中二年级,汉字敏感程度
2022-07-03 07:13:17,2022-07-03 07:18:38,IP Address,223.72.77.147,100,321,True,2022-07-03 07:18:39,R_2ahiFBZQsQhMfzT,,,,,39.9075,116.3972,anonymous,ZH-S,花园,有,他,,,,,她/他,他,,,,,她,,她,,,她,,,她,,,,她/他,,她,,他,,,,她,,他,,,幸福,排队,认同,时间,所有,这,有,香味,大约,天气,三,着,写生,光,许多,梅花,水果,也,七,北,少年,红,是,儿童,女,英语、中文,高中阶段,,高中二年级,对职业、主语的第一认识？
2022-07-03 07:16:46,2022-07-03 07:20:36,IP Address,223.104.40.53,100,230,True,2022-07-03 07:20:37,R_2PApZWGIhNTMTHj,,,,,39.9075,116.3972,anonymous,ZH-S,花园,有,,她,,,她,,他,,,,,他,他,,,,她,,他,,,,她,,,,她,他,,,,,他,,,她,幸福,排队,认同,时间,所有,这,有,香味,大约,天气,三,着,写生,光,许多,梅花,水果,也,七,北,少年,红,是,儿童,男,普通话  英语 法语 意大利语 德语 冰岛语,高中阶段,,高中三年级,职业的性别刻板印象
2022-07-03 07:18:54,2022-07-03 07:22:53,IP Address,111.193.85.63,100,239,True,2022-07-03 07:22:54,R_wSjWyY4MsbjWbCx,,,,,39.9075,116.3972,anonymous,ZH-S,花园,有,,,她他,,,她他,,,她他,,她,,,,她他,他,,,,,她他,,,她他,他,,,,,她他,他,,,他,,,幸福,排队,认同,时间,所有,这,有,香味,大约,天气,三,着,写生,光,许多,梅花,水果,也,七,北,少年,红,似,儿童,女,简体中文，英文,高中阶段,,高中三年级,性别问题，大家对职业的刻板印象。好有创意
2022-07-03 07:21:34,2022-07-03 07:26:29,IP Address,223.66.116.209,100,294,True,2022-07-03 07:26:29,R_vC8HAPng53SsB6p,,,,,32.7705,113.561,anonymous,ZH-S,花园,有,他,,,他,,,他,,,,她,,,她,,,,她,,她,,,她,,,,她,,她,,,她,,,,她,幸福,排队,认同,时间,所有,这,有,香味,大约,天气,三,着,写生,光,许多,梅花,水果,也,七,北,少年,红,是,儿童,女,汉语 英语,高中阶段,,高中一年级,性别刻板印象与职业的关系
2022-07-03 07:29:10,2022-07-03 07:35:55,IP Address,20.239.141.105,100,405,True,2022-07-03 07:35:55,R_01bjJua9hdLWhZT,,,,,22.2908,114.1501,anonymous,ZH-S,花园,有,他,,,,她,,,,他,,,她,,她,,他,,,,她,,他,,,他,,,,,他,,,他,他,,,幸福,排队,认同,时间,所有,这,有,香味,大约,天气,三,着,写生,光,许多,梅花,水果,也,七,北,少年,红,是,儿童,女,中文，英语，一些法语,高中阶段,,高中二年级,中文中性别使用问题？不同的“他”之间的常见使用方式？或者是可以通过答案了解到的人们使用的不同输入法？
2022-07-03 07:34:27,2022-07-03 07:39:31,IP Address,221.223.193.185,100,303,True,2022-07-03 07:39:31,R_12xxG8xUTimS18Z,,,,,39.9075,116.3972,anonymous,ZH-S,花园,有,,,他,他,,,他,,,,她,,他,,,,,他,,,他,,,他,,她,,,她,,,她,,,她,,幸福,排队,认同,时间,所有,这,有,香味,大约,天气,三,着,写生,光,许多,梅花,水果,也,七,北,少年,红,是,儿童,女,中文,高中阶段,,高中二年级,对没有男女提示时对男女的认知？不过如果这样，没有提示我都按书上一般用男性他
2022-07-03 07:39:50,2022-07-03 07:45:25,IP Address,223.104.162.122,100,335,True,2022-07-03 07:45:26,R_22qMijbyIms6DzM,,,,,27.996,120.6664,anonymous,ZH-S,花园,有,,她,,,,它,,她,,他,,,,,它,,她,,他,,,,她,,,,它,,,它,他,,,,,它,幸福,排队,认同,时间,所有,这,有,香味,大约,天气,三,着,写生,光,许多,梅花,水果,也,七,北,少年,红,是,儿童,女,中文,高中阶段,,高中一年级,不知道
2022-07-03 07:42:29,2022-07-03 07:48:49,IP Address,114.245.195.184,100,380,True,2022-07-03 07:48:50,R_1oBghK8ntYdVXfM,,,,,39.9075,116.3972,anonymous,ZH-S,花园,有,,她,,,她,,他,,,他,,,,她,,,,他,,,他,,,她,,她,,他,,,,,他,他,,,幸福,排队,认同,时间,所有,这,有,香味,大约,天气,三,着,写生,光,许多,梅花,水果,也,七,北,少年,红,是,儿童,男,中文 英文 法语,高中阶段,,高中三年级,汉语拼音 以及她和他的使用语境
2022-07-03 07:52:20,2022-07-03 07:57:54,IP Address,118.144.11.9,100,333,True,2022-07-03 07:57:54,R_2zILfvcVxrJmene,,,,,34.7732,113.722,anonymous,ZH-S,花园,有,,,他,,她,,,,他,,,他,他,,,他,,,,她,,他,,,他,,,,她,,他,,,,,他,幸福,排队,认同,时间,所有,这,有,香味,大约,天气,三,着,写生,光,许多,梅花,水果,也,七,北,少年,红,是,儿童,男,汉语（中国大陆标准普通话、湖南方言、北京方言、四川方言）、英语,高中阶段,,高中二年级,汉语母语者在日常的语言使用中对人称代词、介词的细节区分情况
2022-07-03 08:02:11,2022-07-03 08:06:55,IP Address,103.3.138.152,100,283,True,2022-07-03 08:06:55,R_3ITd5v93xt8mWxD,,,,,43.8006,87.6012,anonymous,ZH-S,花园,有,,她,,他,,,他,,,他,,,,,她,他,,,,她,,,她,,,,他,他,,,,她,,他,,,幸福,排队,认同,时间,所有,这,有,香味,大约,天气,三,着,写生,光,许多,梅花,水果,也,七,北,少年,红,是,儿童,女,国语,高中阶段,,高中三年级,刻板印象
2022-07-03 07:51:01,2022-07-03 08:11:35,IP Address,46.135.32.216,100,1233,True,2022-07-03 08:11:35,R_1QFsnev1hkhg5g0,,,,,50.1002,14.5497,anonymous,ZH-S,花园,有,他,,,他,,,,,他,,她,,,,他,,,他,他,,,他,,,,,他,,,他,,,他,,她,,幸福,排队,认同,时间,所有,这,有,香味,大约,天气,三,着,写生,光,许多,梅花,水果,也,七,北,少年,红,是,儿童,女,汉语,高中阶段,,高中二年级,同音字
2022-07-03 08:10:44,2022-07-03 08:22:40,IP Address,125.33.228.253,100,715,True,2022-07-03 08:22:40,R_3I5bU17QcoGGzPP,,,,,39.9075,116.3972,anonymous,ZH-S,花园,有,他,,,,她,,,,他,,,她,他,,,,她,,,,他,,她,,,她,,,她,,,她,,,,他,幸福,排队,认同,时间,所有,这,有,香味,大约,天气,三,着,写生,光,许多,梅花,水果,也,七,北,少年,红,是,儿童,女,中文，英文,高中阶段,,高中二年级,代词和性别，还有对于职业的印象。也许是刻板印象。年龄是一个因素可能？还有打字和标准汉语？
2022-07-03 08:23:19,2022-07-03 08:28:30,IP Address,223.104.40.58,100,310,True,2022-07-03 08:28:30,R_yZTYLq5eOIzyysh,,,,,39.9075,116.3972,anonymous,ZH-S,花园,有,,,他,,,他,,她,,他,,,,她,,,她,,他,,,,,她,他,,,,,他,,她,,他,,,幸福,排队,认同,时间,所有,这,有,香味,大约,天气,三,着,写生,光,许多,梅花,水果,也,七,北,少年,红,是,儿童,女,中文  英语,高中阶段,,高中二年级,汉语的细节
2022-07-03 08:33:51,2022-07-03 08:37:49,IP Address,123.113.229.157,100,237,True,2022-07-03 08:37:49,R_1QrvKh6rItGqDlE,,,,,39.9075,116.3972,anonymous,ZH-S,花园,有,,,他,他,,,,她,,,,她,,,他,他,,,,,他,他,,,,她,,,她,,他,,,,她,,幸福,排队,认同,时间,所有,这,有,香味,大约,天气,三,着,写生,光,许多,梅花,水果,也,七,北,少年,红,是,儿童,女,汉语,小学阶段,小学三年级,,性别
2022-07-03 08:52:37,2022-07-03 09:01:45,IP Address,114.255.249.183,100,547,True,2022-07-03 09:01:45,R_3hxUTD9ncEzrhpC,,,,,39.9075,116.3972,anonymous,ZH-S,花园,有,,她,,,,他,,,他,,,他,,她,,,她,,,她,,他,,,,,她,,她,,,她,,他,,,幸福,排队,认同,时间,所有,这,有,香味,大约,天气,三,着,写生,光,许多,梅花,水果,也,七,北,少年,红,是,儿童,女,中文，英语,高中阶段,,高中二年级,拼音
2022-07-03 08:57:49,2022-07-03 09:04:52,IP Address,123.116.207.179,100,423,True,2022-07-03 09:04:53,R_2q8fZCRVTXzDIai,,,,,39.9075,116.3972,anonymous,ZH-S,花园,有,他,,,他,,,,她,,,她,,他,,,他,,,,,他,他,,,他,,,他,,,他,,,,,他,幸福,排队,认同,时间,所有,这,有,香味,大约,天气,三,着,写生,光,许多,梅花,水果,也,七,北,少年,红,是,儿童,女,中文,高中阶段,,高中二年级,他、她的正确使用
2022-07-03 09:00:44,2022-07-03 09:06:21,IP Address,120.245.100.6,100,337,True,2022-07-03 09:06:21,R_2rwnj8acofzVeYx,,,,,39.9075,116.3972,anonymous,ZH-S,花园,有,,,他,,她,,他,,,,她,,,,他,他,,,他,,,,她,,他,,,,,他,,,他,,她,,幸福,排队,认同,时间,所有,这,有,香味,大约,天气,三,着,写生,光,许多,梅花,水果,也,七,北,少年,红,是,儿童,女,汉语,小学阶段,小学三年级,,性别
2022-07-03 09:15:45,2022-07-03 09:23:44,IP Address,1.203.117.80,100,479,True,2022-07-03 09:23:45,R_bvBehga2Zebv60N,,,,,39.9075,116.3972,anonymous,ZH-S,花园,有,,,他（她）,,,他,他,,,,,她,,,她,,,他,他,,,,,他,,她,,他,,,,,他,他,,,幸福,排队,认同,时间,所有,这,有,香味,大约,天气,三,着,写生,光,许多,梅花,水果,也,七,北,少年,红,似,儿童,女,中文,高中阶段,,高中二年级,人们对职业的性别认同
2022-07-03 09:04:13,2022-07-03 09:26:40,IP Address,106.108.49.169,100,1347,True,2022-07-03 09:26:41,R_4OuHjwPTsRjC4LL,,,,,27.69,106.906,anonymous,ZH-S,花园,有,他,,,他,,,,,她,他,,,他,,,,她,,,,她,,,他,,她,,,她,,,她,,,,她,幸福,排队,认同,时间,所有,这,有,香味,大约,天气,三,着,写生,光,许多,梅花,水果,也,七,北,少年,红,是,儿童,女,中文和英文,高中阶段,,高中三年级,性别刻板印象
2022-07-03 09:31:07,2022-07-03 09:38:38,IP Address,120.244.194.126,100,451,True,2022-07-03 09:38:38,R_DGDVmT8VRgPCarf,,,,,39.9075,116.3972,anonymous,ZH-S,花园,有,,她,,,她,,,,他,,她,,,她,,,,她,,她,,他,,,他,,,,她,,他,,,他,,,幸福,排队,认同,时间,所有,这,有,香味,大约,天气,三,着,写生,光,许多,梅花,水果,也,七,北,少年,红,是,儿童,女,汉语,小学阶段,小学一年级,,语言
2022-07-03 10:23:02,2022-07-03 10:26:31,IP Address,120.244.204.252,100,208,True,2022-07-03 10:26:31,R_31ZzpWiThEG9hGz,,,,,39.9075,116.3972,anonymous,ZH-S,花园,有,,她,,他,,,,她,,他,,,,,他,他,,,,她,,,她,,,,他,他,,,,,他,,,他,幸福,排队,认同,时间,所有,这,有,香味,大约,天气,三,着,写生,光,许多,梅花,水果,也,七,北,少年,红,是,儿童,女,中文 英文,高中阶段,,高中三年级,
2022-07-03 17:32:12,2022-07-03 17:39:17,IP Address,203.160.86.92,100,425,True,2022-07-03 17:39:17,R_2B8RMUtrmku2MPo,,,,,22.2908,114.1501,anonymous,ZH-S,花園,有,,,他,,,他,,她,,,,他,他,,,,她,,他,,,,,他,他,,,,,他,,她,,,她,,幸福,排隊,認同,時間,所有,這,有,香味,大約,天氣,三,著,寫生,光,許多,梅花,水果,也,七,北,少年,紅,是,兒童,男,英文,高中阶段,,高中二年级,中文水平
2022-07-03 19:40:50,2022-07-03 19:45:58,IP Address,122.233.192.125,100,307,True,2022-07-03 19:45:58,R_1IlS9Q9nwCbLbOo,,,,,30.2994,120.1612,anonymous,ZH-S,花园,有,他,,,,她,,他,,,,她,,,她,,,,他,,,他,他,,,,她,,,,他,他,,,他,,,幸福,排队,认同,时间,所有,这,有,腥味,大约,天气,三,着,写生,光,许多,梅花,水果,也,七,北,少年,红,是,儿童,男,中文、英语、日语,高中阶段,,高中三年级,性别认同和语言使用的关系
2022-07-03 19:56:05,2022-07-03 20:01:39,IP Address,117.136.63.161,100,333,True,2022-07-03 20:01:39,R_79cVjVJgsB2BLih,,,,,30.6498,104.0555,anonymous,ZH-S,花园,有,,她,,,她,,,,他,,她,,他,,,他,,,,,她,,,她,他,,,,她,,他,,,,,他,幸福,排队,认同,时间,所有,这,有,香味,大约,天气,三,着,写生,光,许多,梅花,水果,也,七,北,少年,红,是,儿童,女,中文,小学阶段,小学四年级,,细致
2022-07-03 19:57:46,2022-07-03 20:05:08,IP Address,182.139.94.167,100,441,True,2022-07-03 20:05:08,R_1hWsHhJOf3kNoc1,,,,,30.6498,104.0555,anonymous,ZH-S,花园,有,他,,,,,他,,,他,,,她,,她,,,她,,,她,,他,,,,她,,,,他,,,他,,她,,幸福,排队,认同,时间,所有,这,有,香味,大约,天气,三,着,写生,光,许多,梅花,水果,也,七,北,少年,红,似,儿童,女,汉语,小学阶段,小学四年级,,看拼音写字
2022-07-03 20:03:37,2022-07-03 20:14:57,IP Address,118.122.102.179,100,679,True,2022-07-03 20:14:57,R_5nkm3yPtw3xosM1,,,,,30.6498,104.0555,anonymous,ZH-S,花园,有,,,他,,她,,,她,,,她,,,她,,,,他,,,他,他,,,,,她,他,,,,,他,,,他,幸福,排队,认同,时间,所有,这,有,香味,大约,天气,三,着,写生,光,许多,梅花,水果,也,七,北,少年,红,似,儿童,女,中文,高中阶段,,高中三年级,不知道
2022-07-03 20:07:04,2022-07-03 20:15:47,IP Address,171.218.18.32,100,523,True,2022-07-03 20:15:48,R_3JCagWEKyFKPtKN,,,,,30.6498,104.0555,anonymous,ZH-S,花园,有,他,,,他,,,,她,,他,,,,,她,,她,,,她,,,,他,他,,,他,,,他,,,,,他,幸福,排队,认同,时间,所有,这,有,香味,大约,天气,三,着,写生,光,许多,梅花,水果,页,七,北,少年,红,似,儿童,女,中文,小学阶段,小学五年级,,不知道
2022-07-03 20:13:47,2022-07-03 20:20:35,IP Address,101.206.167.64,100,407,True,2022-07-03 20:20:35,R_ZJL773k3RPKEQvL,,,,,30.6498,104.0555,anonymous,ZH-S,欢原,有,他,,,他,,,他,,,,,她,,她,,,她,,,,他,,她：,,,她,,他,,,,她,,他,,,幸福,排队,认同,时间,所有,这,有,香味,大约,天气,三,着,写生,光,许多,梅花,水果,也‘,七,北,少南,红,是,儿童,女,中文,高中阶段,,高中三年级,中文情况
2022-07-03 20:12:33,2022-07-03 20:21:37,IP Address,171.93.235.194,100,543,True,2022-07-03 20:21:37,R_12zIfOIA5ZJ1aAx,,,,,30.6498,104.0555,anonymous,ZH-S,花园,有,,,他,,,他,他,,,,,他,他,,,,,他,他,,,,,他,,,她,,她,,,她,,他,,,幸福,排队,认同,时间,所有,这,有,香味,大约,天气,三,着,写生,光,许多,梅花,水果,也,七,北,少年,红,是,儿童,女,中国语,高中阶段,,高中三年级,国语的基本掌握情况
2022-07-03 20:13:31,2022-07-03 20:21:45,IP Address,117.174.169.18,100,493,True,2022-07-03 20:21:45,R_333GAY1P1FTJR1H,,,,,29.5834,105.0701,anonymous,ZH-S,花园,有,,她,,,她,,,,他,,她,,他,,,他,,,,她,,,她,,,她,,他,,,他,,,,她,,幸福,排队,认同,时间,所有,这,有,香味,大约,天气,三,着,写生,光,许多,梅花,水果,也,七,北,少年,后红,是,儿童,女,中文,小学阶段,小学四年级,,研究学生阅读阶段
2022-07-03 20:17:02,2022-07-03 20:24:24,IP Address,101.207.85.113,100,442,True,2022-07-03 20:24:24,R_1Dx4UZ8Tr9w4hL5,,,,,30.6498,104.0555,anonymous,ZH-S,花园,有,他,,,他,,,,,他,,她,,,,他,,她,,他,,,,,他,他,,,,,他,他,,,,她,,幸福,排队,认同,时间,所有,这,有,香味,大约,天气,三,着,写生,光,许多,梅花,水果,也,七,北,少年,红,是,儿童,男,中文,小学阶段,小学二年级,,汉语水平
2022-07-03 20:19:37,2022-07-03 20:24:31,IP Address,222.209.25.231,100,293,True,2022-07-03 20:24:31,R_2S2B5HDLM5NwITs,,,,,30.6498,104.0555,anonymous,ZH-S,花园,有,,她,,,,他,他,,,他,,,他,,,他,,,,她,,他,,,,,她,,,他,,,他,他,,,幸福,排队,认同,时间,所有,这,有,香味,大约,天气,三,着,写生,光,许多,梅花,水鬼,也,七,北,少年,红,是,儿童,女,中国话,小学阶段,小学三年级,,不知道
2022-07-03 20:21:45,2022-07-03 20:26:27,IP Address,222.210.45.95,100,281,True,2022-07-03 20:26:27,R_1rcuHwPWychjPAi,,,,,30.6498,104.0555,anonymous,ZH-S,花园,有,,,他,,她,,,她,,,,他,,她,,他,,,,,他,,她,,,,他,,,他,,,他,他,,,幸福,排队,认同,时间,所有,这,有,香味,大约,天气,三,着,写生,光,许多,梅花,水果,也,七,北,少年,同,是,儿童,女,中文,小学阶段,小学三年级,,拼音
2022-07-03 20:20:53,2022-07-03 20:26:56,IP Address,171.92.89.18,100,362,True,2022-07-03 20:26:56,R_sNlo3CJWkuQ57RT,,,,,30.6498,104.0555,anonymous,ZH-S,花园,有,他,,,他,,,,她,,他,,,,,他,,,她,他,,,,,她,,她,,,她,,他,,,,,他,兴奋,排队,认同,实践,所有,这,有,香味,大约,天气,三,着,写生,光,许多,梅花,水果,也,七,北,少年,红,似,儿童,女,中文，英文，西班牙,小学阶段,小学四年级,,语言内涵
2022-07-03 20:26:13,2022-07-03 20:30:49,IP Address,139.204.131.196,100,275,True,2022-07-03 20:30:49,R_2uJIUjoUut01GsN,,,,,30.6498,104.0555,anonymous,ZH-S,花园,有,,,她,,,她,,她,,他,,,他,,,,,她,,她,,他,,,他,,,,她,,,她,,他,,,幸福,排队,认同,时间,所有,这,有,香味,大约,天气,三,着,写生,光,许多,梅花,水果,也,七,北,少年,红,是,儿童,女,...,高中阶段,,高中一年级,。。。
2022-07-03 20:24:16,2022-07-03 20:31:27,IP Address,124.161.38.23,100,431,True,2022-07-03 20:31:28,R_s6gJQsmUphv0b17,,,,,29.5636,103.7679,anonymous,ZH-S,花园,有,,,他,,她,,,,他,,她,,,,他,,她,,,,他,他,,,,她,,他,,,,她,,,,他,幸福,排队,认同,时间,所有,这,有,香味,大约,天气,三,着,写生,光,许多,梅花,水果,也,七,北,少年,红,是,儿童,女,中文英文,小学阶段,小学三年级,,看拼音写汉字
2022-07-03 20:27:50,2022-07-03 20:35:05,IP Address,39.144.137.125,100,435,True,2022-07-03 20:35:06,R_TgS3cwsGMhozXlT,,,,,30.6498,104.0555,anonymous,ZH-S,花园,有,他,,,,她,,,,他,,,她,他,,,,,他,他,,,,她,,,,她,他,,,他,,,,,他,幸福,排队,认同,时间,所有,这,有,香味,大约,天气,三,着,写生,光,许多,梅花,水果,也,七,北,少年,红,是,儿童,男,中文,小学阶段,小学四年级,,
2022-07-03 20:27:14,2022-07-03 20:35:44,IP Address,110.184.64.176,100,510,True,2022-07-03 20:35:45,R_us5CeWTZso3d4pr,,,,,30.6498,104.0555,anonymous,ZH-S,花园,有,,她,,,,他,他,,,他,,,,,他,,她,,,,他,,,他,,,她,,她,,他,,,,她,,幸福,排队,认同,时间,所有,这,有,香味,大约,天气,三,着,写生,光,许多,梅花,水果,也,七,北,少年,红,似,儿童,男,汉语,小学阶段,小学一年级,,拼音掌握
2022-07-03 20:13:59,2022-07-03 20:42:25,IP Address,118.114.217.238,100,1706,True,2022-07-03 20:42:26,R_3nBfPhefcD6GhAo,,,,,30.6498,104.0555,anonymous,ZH-S,花园,有,,她,,他,,,他,,,,,他,,她,,,她,,他,,,他,,,,她,,他,,,,她,,他,,,幸福,排队,认同,时间,所有,这,有,香味,大约,天气,三,着,写生,光,许多,梅花,水果,也,七,北,少年,红,似,儿童,女,中文,小学阶段,小学三年级,,研究中文的用途
2022-07-03 20:40:25,2022-07-03 21:01:33,IP Address,117.172.42.48,100,1267,True,2022-07-03 21:01:33,R_1dcuivtabMiYJrH,,,,,30.6498,104.0555,anonymous,ZH-S,花园,有,他,,,,她,,,,他,,她,,,,她,,,他,,她,,,,他,他,,,,她,,,,他,,她,,幸福,排队,认同,时间,所有,这,有,香味,大约,天气,三,这,写生,光,许多,梅花,水果,也,七,北,少年,红,是,儿童,男,汉语和英语,小学阶段,小学四年级,,小学生的识字拼音
2022-07-03 22:00:58,2022-07-03 22:06:13,IP Address,110.184.161.11,100,315,True,2022-07-03 22:06:14,R_5iGr1xQILdGWcyB,,,,,30.6498,104.0555,anonymous,ZH-S,花园,有,,,他,,,他,,她,,,她,,,她,,他,,,,,他,,她,,他,,,,,他,,,他,,,他,幸福,排队,认同,世界,所有,这,有,香味,大约,天气,三,着,写生,光,许多,梅花,水果,也,七,北,少年,红,是,儿童,女,汉语,小学阶段,小学四年级,,汉语
2022-07-04 02:39:47,2022-07-04 02:46:34,IP Address,171.210.45.186,100,407,True,2022-07-04 02:46:34,R_3Jl4Dblwwtbq3Ky,,,,,30.6498,104.0555,anonymous,ZH-S,花园,有,,,他,,,他,,她,,他,,,他,,,,她,,,她,,他,,,,她,,,,他,,,他,,,他,幸福,排队,认同,时间,所有,这,有,香味,大约,天气,三,着,写生,光,许多,梅花,水果,也,七,北,少年,红,是,儿童,女,中文,小学阶段,小学四年级,,文字水平
2022-07-04 02:46:31,2022-07-04 02:52:48,IP Address,114.254.10.166,100,376,True,2022-07-04 02:52:48,R_78UdodtZ1AaT6Kt,,,,,39.9075,116.3972,anonymous,ZH-S,花园,有,,她,,,她,,他,,,,,她,,她,,他,,,,,他,,,她,他,,,,,他,他,,,他,,,幸福,排队,认同,时间,所有,这,有,香味,大约,天气,三,着,写真,光,许多,梅花,水果,也,七,北,少年,红,是,儿童,男,中文英语,高中阶段,,高中三年级,平均文化水平
2022-07-04 03:22:28,2022-07-04 03:32:19,IP Address,39.144.137.50,100,590,True,2022-07-04 03:32:19,R_1Qou18WNDj8UBS0,,,,,30.6498,104.0555,anonymous,ZH-S,花园,有,,,他,,,他,,她,,,她,,,,他,,,他,他,,,,她,,,,她,,她,,,她,,,,他,幸福,排队,认同,实践,所有,这,有,香wei,大约,天气,三,着,写生,光,许多,梅花,水果,也,七,北,少年,红,是,儿童,男,中文,小学阶段,小学四年级,,中文水平
2022-07-04 03:29:32,2022-07-04 03:35:54,IP Address,118.112.75.133,100,381,True,2022-07-04 03:35:54,R_10xxcqz0l2HJTZ3,,,,,30.6498,104.0555,anonymous,ZH-S,花园,寻,他,,,,她,,,,他,他,,,他,,,,她,,,她,,他,,,,她,,他,,,,她,,,她,,幸福,排队,认同,时间,所有,这,有,香味,大约,天气,三,着,写生,光,许多,梅花,水果,也,七,北,少年,红,似,儿童,女,汉语,小学阶段,小学四年级,,知识点
2022-07-04 04:27:53,2022-07-04 04:32:42,IP Address,124.64.22.213,100,289,True,2022-07-04 04:32:43,R_2Qtzf4DMKBHZ6ze,,,,,39.9075,116.3972,anonymous,ZH-S,花园,有,,她,,他,,,他,,,他,,,,,他,他,,,,,他,他,,,他,,,,,他,,,他,,,他,幸福,排队,认同,时间,所有,这,有,香味,大约,天气,三,着,写生,光,许多,梅花,水果,也,七,北,少年,红,似,儿童,女,中文，英语,高中阶段,,高中二年级,人对拼音的即时反应？
2022-07-04 04:30:10,2022-07-04 04:40:18,IP Address,218.68.62.189,100,608,True,2022-07-04 04:40:19,R_2zUzoVGvX7psvkd,,,,,39.1488,117.1762,anonymous,ZH-S,花园,有,,她,,,,他,他,,,,,他,,她,,他,,,,,他,,,他,,她,,,她,,他,,,他,,,幸福,排队,认同,时间,所有,这,🈶️,香味,大约,tian q,三,着,写生,光,许多,梅花,水果,也,七,北,少年,红,是,儿童,女,中文，英文,小学阶段,小学五年级,,代词，名词
2022-07-04 05:07:36,2022-07-04 05:20:03,IP Address,120.244.164.37,100,746,True,2022-07-04 05:20:03,R_bIZfK6B0a4xFv57,,,,,39.9075,116.3972,anonymous,ZH-S,花园,有,,,他（她）,他,,,,,他（她）,,她,,,她,,,她,,,她,,,她,,,,她,他,,,他,,,,她,,幸福,排队,认同,时间,所有,这,有,香味,大约,天气,三,着,写生,光,许多,梅花,水果,也,七,北,少年,红,是,儿童,男,中文,小学阶段,小学四年级,,学习拼音
2022-07-04 05:24:47,2022-07-04 05:33:48,IP Address,222.128.190.47,100,541,True,2022-07-04 05:33:49,R_T58dIN8w93N4NZD,,,,,39.9075,116.3972,anonymous,ZH-S,花园,有,,,他,,,他,,,他,,,他,他,,,他,,,,她,,,她,,他,,,,,他,,,他,他,,,幸福,排队,认同,实现,所有,这,有,香味,大约,天气,伞,这,写生,光,许多,梅花,水果,也,七,北,少年,红,是,儿童,女,英语和语文,小学阶段,小学三年级,,知识
2022-07-04 05:24:56,2022-07-04 05:35:09,IP Address,223.104.39.162,100,613,True,2022-07-04 05:35:09,R_1MXucxAIZvyfVgF,,,,,39.9075,116.3972,anonymous,ZH-S,花园,有,,她,,,她,,,她,,他,,,,,他,,她,,他,,,,她,,,她,,,她,,他,,,,,他,幸福,排队,认同,时间,所有,这,有,香味,大约,天气,三,着,写生,光,许多,梅花,水果,也,七,北,少年,红,是,儿童,男,汉语，英语，地方语,小学阶段,小学三年级,,性别或诗词
2022-07-04 05:22:41,2022-07-04 05:36:57,IP Address,114.246.34.11,100,855,True,2022-07-04 05:36:57,R_31sGTQN6e7HFdlv,,,,,39.9075,116.3972,anonymous,ZH-S,花园,有,,,他,他,,,他,,,,她,,,她,,,,她,,,他,,,她,,,她,,她,,,,他,他,,,幸福,排队,认同,时间,所有,这,有,香味,大爷,天气,三,着,写真,光,许多,梅花,水果,也,七,北,少年,红,是,儿童,男,中文,小学阶段,小学五年级,,古诗
2022-07-04 05:38:18,2022-07-04 05:44:18,IP Address,221.223.194.195,100,360,True,2022-07-04 05:44:18,R_3KMwyMlvy6QIfOi,,,,,39.9075,116.3972,anonymous,ZH-S,花园,有,他,,,,,他,,,他,他,,,,她,,他,,,,她,,他,,,他,,,他,,,,她,,,她,,幸福,排队,认同,时间,所有,这,有,香味,大约,天气,三,着,写生,光,许多,梅花,水果,也,七,北,少年,红,是,儿童,男,英语,小学阶段,小学四年级,,母语水平
2022-07-04 05:46:06,2022-07-04 05:50:43,IP Address,221.220.60.96,100,277,True,2022-07-04 05:50:44,R_25GiaWIQZvj7Gfh,,,,,39.9075,116.3972,anonymous,ZH-S,花园,有,他,,,他,,,,她,,,她,,他,,,,,他,,,他,他,,,他,,,,,他,,,他,,她,,幸福,排队,认同,时间,所有,这,有,香味,大约,天气,三,着,写生,光,许多,梅花,水果,也,七,北,少年,红,似,儿童,男,中文,小学阶段,小学四年级,,汉子使用规范
2022-07-04 06:08:56,2022-07-04 06:16:38,IP Address,118.144.11.9,100,461,True,2022-07-04 06:16:39,R_3ELqZDEGq1plwb7,,,,,34.7732,113.722,anonymous,ZH-S,花园,有,,她,,,她,,,,它,,,他,他,,,他,,,,,他,,,它,他,,,他,,,,她,,,,他,幸福,排队,认同,时间,所有,这,有,香味,大约,天气,三,着,写生,光,许多,梅花,水果,也,七,北,少年,红,似,儿童,女,中文，英译,高中阶段,,高中二年级,汉语
2022-07-04 06:12:31,2022-07-04 06:21:09,IP Address,114.42.230.162,100,517,True,2022-07-04 06:21:10,R_1jV3xLzX9NFUJjL,,,,,24.0759,120.5657,anonymous,ZH-S,花园,有,,,他,,她,,,她,,,她,,,,他,,她,,他,,,,她,,,她,,,,他,他,,,,,他,幸福,排队,认同,时间,所有,这,有,香味,大约,天气,三,着,写生,光,许多,梅花,水果,也,七,北,少年,红,是,儿童,男,中文,高中阶段,,高中三年级,中文用词
2022-07-04 06:06:05,2022-07-04 06:27:36,IP Address,120.244.194.184,100,1291,True,2022-07-04 06:27:36,R_viwOonNCP5imdMt,,,,,39.9075,116.3972,anonymous,ZH-S,花园,有,他,,,他,,,,,他,,,他,,她,,他,,,他,,,,她,,,,他,,她,,,,他,,她,,幸福,排队,认同,时间,所有,这,有,香味,大约,天气,三个,这,写生,光,许多,梅花,水果,也,七,北,少年,红,是,儿童,男,汉语,小学阶段,小学一年级,,拼音
2022-07-04 06:30:30,2022-07-04 06:34:22,IP Address,124.127.144.177,100,231,True,2022-07-04 06:34:22,R_AoJPxzAfgcWtCxP,,,,,39.9075,116.3972,anonymous,ZH-S,花园,有,,,他,,,他,他,,,他,,,,她,,,,他,,她,,,,他,,她,,,,他,,她,,他,,,幸福,排队,认同,时间,所有,这,有,香味,大约,天气,三,着,写生,光,许多,梅花,水果,也,七,北,少年,红,是,儿童,女,中文英文,小学阶段,小学一年级,,汉语水平
2022-07-04 06:43:07,2022-07-04 06:52:14,IP Address,120.244.226.19,100,547,True,2022-07-04 06:52:15,R_3oBkI16TNB15yLZ,,,,,39.9075,116.3972,anonymous,ZH-S,花园,有,,她,,,她,,,,他,他,,,他,,,,她,,,,他,,,他,,,他,他,,,他,,,他,,,幸福,排队,认同,时间,所有,这,有,香味,大约,天气,三,着,写生,光,许多,梅花,水果汁,也,七,北,少年,红,是,儿童,非二元性别/第三性别,汉语、英语,小学阶段,小学六年级,,研究小学生的中文水平
2022-07-04 06:52:21,2022-07-04 07:02:19,IP Address,123.116.219.11,100,598,True,2022-07-04 07:02:20,R_CmjQgPuH69jrUyJ,,,,,39.9075,116.3972,anonymous,ZH-S,花园,有,他,,,,,他,,她,,,她,,他,,,他,,,他,,,,她,,他,,,,她,,,,他,,,他,幸福,排队,认同,时间,所有,这,有,香味,大约,天气,三,着,写生,光,许多,梅花,水果,也,七,北,少年,红,是,儿童,女,中文,小学阶段,小学二年级,,词语
2022-07-04 06:59:37,2022-07-04 07:08:15,IP Address,112.193.147.62,100,517,True,2022-07-04 07:08:15,R_1Eiys3tWSrYpn7G,,,,,30.6498,104.0555,anonymous,ZH-S,花园,有,,她,,他,,,他,,,,,他,,她,,,她,,,她,,他,,,,,她,,她,,,她,,,,他,幸福,排队,认同,时间,所有,这,有,香味,大约,天气,三,着,写生,光,许多,梅花,水果,也,七,北,少年,红,是,儿童,女,中文,小学阶段,小学四年级,,拼音
2022-07-04 06:55:50,2022-07-04 07:11:09,IP Address,39.144.161.177,100,918,True,2022-07-04 07:11:09,R_BFlN4HaLIjaqE81,,,,,31.3325,118.3699,anonymous,ZH-S,花园,有,,,他,,她,,,,他,,,他,,,他,,,他,,,他,他,,,他,,,他,,,他,,,,她,,幸福,排队,认同,节简,少有,这,有,香味,大约,天气,三,着,写生,光,许多,梅花,水果,也,七,北,少年,红,是,儿童,女,中文,小学阶段,小学四年级,,拼音和汉字
2022-07-04 05:40:46,2022-07-04 08:29:43,IP Address,117.136.34.23,100,10136,True,2022-07-04 08:29:43,R_1lAK8CavbpgzFvG,,,,,23.6372,116.6362,anonymous,ZH-S,花园,有,,她,,他,,,他,,,,,他,,,他她,,她,,他,,,,,他,,她,,他,,,他,,,他,,,幸福,排队,认同,时间,所有,这,有,香味,大约,天气,三,着,写生,光,许多,梅花,水果,也,七,北,少年,红,似,儿童,女,汉语,小学阶段,小学三年级,,
2022-07-04 08:27:25,2022-07-04 08:32:58,IP Address,222.128.172.57,100,333,True,2022-07-04 08:32:58,R_1nURsq9kqo9XTk1,,,,,39.9075,116.3972,anonymous,ZH-S,花园,有,,她,,,,他,他,,,他,,,他,,,,,他,,她,,,她,,他,,,,,他,,她,,,她,,幸福,排队,认同,时间,所有,这,有,香味,大约,天气,三,着,写生,光,许多,梅花,水果,也,七,北,少年,红,是,儿童,女,中文 英文,小学阶段,小学六年级,,外国人学中文
2022-07-04 10:01:56,2022-07-04 10:08:34,IP Address,113.70.218.211,100,398,True,2022-07-04 10:08:35,R_1CrTSBSmcIsmdMC,,,,,23.0261,113.1371,anonymous,ZH-S,花园,有,他,,,他,,,,她,,,她,,,,他,,她,,,,他,,,他,,她,,,她,,,,他,他,,,幸福,排队,认同,时间,所有,这,有,香味,大约,天气,三,着,写生,光,许多,梅花,水果,也,七,北,少年,红,是,儿童,男,中文，英文,小学阶段,小学三年级,,知识面
2022-07-04 18:33:53,2022-07-04 18:37:22,IP Address,221.223.99.234,100,209,True,2022-07-04 18:37:22,R_zShesJARg1qO7Jf,,,,,39.9075,116.3972,anonymous,ZH-S,花园,有,,,她,,,他,,她,,,她,,,,她,,,他,他,,,,她,,,,她,,,他,他,,,,她,,幸福,排队,认同,时间,所有,这,有,香味,大约,天气,三,着,写生,光,许多,梅花,水果,也,七,北,少年,红,是,儿童,女,汉语,小学阶段,小学四年级,,配合调查
2022-07-04 19:00:12,2022-07-04 19:05:20,IP Address,112.45.97.167,100,307,True,2022-07-04 19:05:20,R_20O1QluRbmXg0gY,,,,,30.6498,104.0555,anonymous,ZH-S,花园,有,他,,,,她,,,,他,,,她,他,,,,她,,,她,,他,,,他,,,他,,,他,,,他,,,幸福,排队,认同的,时间,所有,这,有,香味,大约,天气,三,着,写生,光,许多,梅花,水果,也,七,北,少年,红,视,儿童,女,汉语 英语,小学阶段,小学二年级,,拼音
2022-07-04 19:32:54,2022-07-04 19:37:14,IP Address,61.48.146.139,100,260,True,2022-07-04 19:37:15,R_DUlqYYuvPceZIl3,,,,,39.9075,116.3972,anonymous,ZH-S,花园,有,,她,,,她,,他,,,他,,,,,她,他,,,他,,,,她,,,,她,,,他,,她,,,,她,幸福,排队,认同,时间,所有,这,有,香味,大约,天气,三,着,写生,光,许多,梅花,水果,也,七,北,少年,红,是,儿童,女,中文，英文,小学阶段,小学五年级,,汉语文化
2022-07-05 02:23:02,2022-07-05 02:30:39,IP Address,221.219.189.69,100,457,True,2022-07-05 02:30:39,R_1LGc0MqbAxQWOUE,,,,,39.9075,116.3972,anonymous,ZH-S,花园,有,,,他,,,他,,她,,,她,,他,,,,她,,,她,,他,,,,她,,他,,,他,,,,,他,幸福,排队,认同,时间,所有,这,有,香味,大约,天气,三,着,写生,光,许多,梅花,水果,也,七,北,少年,红,似,儿童,男,汉语、英语,小学阶段,小学三年级,,汉语水平
2022-07-05 02:22:08,2022-07-05 02:31:43,IP Address,223.104.41.222,100,575,True,2022-07-05 02:31:44,R_12KlqyP6oCLewRG,,,,,39.9075,116.3972,anonymous,ZH-S,花园,有,,她,,,,他,,,她,他,,,,她,,他,,,,,他,,,他,他,,,,她,,,,他,他,,,幸福,排队,认同,时间,所有,这,有,香味,大约,天气,三,着,写生,光,许多,梅花,水果,也,七,北,少年,红,是,儿童,女,汉语,小学阶段,小学二年级,,拼音读写
2022-07-05 02:25:46,2022-07-05 02:37:34,IP Address,223.104.41.95,100,707,True,2022-07-05 02:37:34,R_2f9vBbG6T4jfVxI,,,,,39.9075,116.3972,anonymous,ZH-S,花园,有,他,,,,她,,,她,,,,她,,她,,,,他,,,他,他,,,,,他,他,,,,她,,,她,,幸福,排队,认同,时间,所有,这,有,香味,大约,天气,三,着,写生,光,许多,梅花,水果,也,七,北,少年,红,视,儿童,男,中文,小学阶段,小学四年级,,我不知道鸭
2022-07-05 02:38:36,2022-07-05 02:48:32,IP Address,39.144.95.145,100,596,True,2022-07-05 02:48:33,R_phfGLBx66oDWIvL,,,,,37.8648,112.5636,anonymous,ZH-S,花园,有,他,,,他,,,他,,,他,,,他,,,他,,,他,,,,她,,他,,,,,他,他,,,他,,,幸福,排队,认同,时间,所有,这,有,香味,大约,天气,三,着,写生,光,许多,梅花,水果,也,七,北,少年,红,是,儿童,女,汉语,高中阶段,,高中三年级,不知道
2022-07-03 21:31:46,2022-07-05 17:33:22,IP Address,223.104.42.125,100,158496,True,2022-07-05 17:33:22,R_2YrkoB1s2Tg03O4,,,,,39.9075,116.3972,anonymous,ZH-S,花园,有,,,他,,,他,,,他,,她,,他,,,,她,,他,,,,,他,,,她,,她,,,她,,,她,,幸福,排队,认同,时间,所有,这,有,香味,大约,天气,三,着,写生,光,许多,梅花,水果,也,七,北,少年,红,似,儿童,女,中文,小学阶段,小学六年级,,汉字
2022-07-06 00:49:23,2022-07-06 00:54:57,IP Address,111.192.240.214,100,333,True,2022-07-06 00:54:57,R_xgEAjGHMXjTfvjj,,,,,39.9075,116.3972,anonymous,ZH-S,花园,"有 ",,她,,,她,,,她,,他,,,,,他,,她,,,她,,,,他,他,,,"他 ",,,,,他,,,他,幸福,排队,认同,时间,所有,这,"有 ",香味,大约,天气,3,着,写生,光,许多,梅花,水果,也,七,北,少年," 红",是,儿童,男,中文,小学阶段,小学五年级,,"研究语文的能力 "
2022-07-06 02:51:36,2022-07-06 02:55:52,IP Address,223.104.44.11,100,256,True,2022-07-06 02:55:52,R_2w5oTKMS46BzCh9,,,,,39.9075,116.3972,anonymous,ZH-S,花园,有,他,,,他,,,他,,,,,她/他,,她,,,,她/他,他,,,,她,,,她,,,她,,,她,,,她,,幸福,排队,认同,时间,所有,这,有,香味,大约,天气,三,着,写生,光,许多,梅花,水果,也,七,北,少年,红,是,儿童,女,中文和英文,高中阶段,,高中一年级,语言中的性别霸权？
2022-07-06 03:20:43,2022-07-06 03:24:56,IP Address,103.129.255.70,100,252,True,2022-07-06 03:24:57,R_SBlcLbTZLzqjr0J,,,,,22.2578,114.1657,anonymous,ZH-S,花园,有,,她,,,,他,,,他,,她,,,,他,他,,,,,他,,,他,,,她,他,,,,,他,他,,,幸福,排队,认同,时间,所有,这,有,香味,大约,天气,三,着,写生,光,许多,梅花,水果,也,七,北,少年,红,似,儿童,女,中文,小学阶段,小学一年级,,性别认同在语言中的体现
2022-07-06 04:46:51,2022-07-06 04:51:50,IP Address,120.244.140.144,100,299,True,2022-07-06 04:51:51,R_11cKXzOAG6vLTzS,,,,,39.9075,116.3972,anonymous,ZH-S,花园,有,,,他,,,他,,她,,他,,,,她,,,,他,他,,,,她,,,,他,他,,,他,,,他,,,幸福,排队,认同,时间,所有,着,有,香味,大约,天气,三,这,写生,光,许多,梅花,水果,也,七,北,少年,红,是,儿童,男,中文,小学阶段,小学一年级,,中文
2022-07-07 02:27:32,2022-07-07 02:54:05,IP Address,221.222.21.146,100,1592,True,2022-07-07 02:54:05,R_xr0XkBhKskRuAgN,,,,,39.9075,116.3972,anonymous,ZH-S,花园,有,他,,,他,,,,她,,,,她,他,,,他,,,他,,,,,她,,,她,,,他,他,,,,,他,幸福,排队,认同,时间,所有,这,有,香味,年月,天气,三,着,写生,光,许多,梅花,水果,也,七,北,少年,红,是,儿童,女,中文，英语,小学阶段,小学一年级,,小学生的学习情况
2022-07-09 03:16:21,2022-07-09 03:21:54,IP Address,120.244.194.34,100,332,True,2022-07-09 03:21:55,R_ZfX5fhr6rvTBkcx,,,,,39.9075,116.3972,anonymous,ZH-S,花园,有,,,他/她,他,,,他,,,,她,,,,他/她,,,他/她,,,他/她,,她,,,她,,,她,,,,他/她,他,,,幸福,排队,认同,时间,所有,这,有,香味,大约,天气,三,着,写生,光,许多,梅花,水果,也,七,北,少年,红,是,儿童,女,英语 日语 中文,高中阶段,,高中二年级,人根据拼音和句意是否可以拼出正确的字或词语
2022-07-03 00:56:11,2022-07-03 00:57:04,IP Address,123.119.162.57,4,52,False,2022-07-10 00:57:07,R_2SdGPvvsql8hmKK,,,,,,,anonymous,ZH-S,,,,,,,,,,,,,,,,,,,,,,,,,,,,,,,,,,,,,,,,,,,,,,,,,,,,,,,,,,,,,,,,,,,,
2022-07-03 00:57:11,2022-07-03 00:57:14,IP Address,123.119.162.57,1,3,False,2022-07-10 00:57:20,R_UAaYsiFPwBKdZ4Z,,,,,,,anonymous,ZH-S,,,,,,,,,,,,,,,,,,,,,,,,,,,,,,,,,,,,,,,,,,,,,,,,,,,,,,,,,,,,,,,,,,,,
2022-07-03 01:00:12,2022-07-03 01:00:19,Spam,123.119.162.57,1,6,False,2022-07-10 01:00:21,R_3KoWrneezpaZaeh,,,,,,,anonymous,ZH-S,,,,,,,,,,,,,,,,,,,,,,,,,,,,,,,,,,,,,,,,,,,,,,,,,,,,,,,,,,,,,,,,,,,,
2022-07-03 01:10:33,2022-07-03 01:10:49,IP Address,122.233.192.125,4,16,False,2022-07-10 01:10:51,R_tX2MWLR54yfg7YJ,,,,,,,anonymous,ZH-S,,,,,,,,,,,,,,,,,,,,,,,,,,,,,,,,,,,,,,,,,,,,,,,,,,,,,,,,,,,,,,,,,,,,
2022-07-03 01:27:32,2022-07-03 01:27:39,IP Address,123.119.162.57,1,7,False,2022-07-10 01:27:42,R_2pM2sycf3DtMmgl,,,,,,,anonymous,ZH-S,,,,,,,,,,,,,,,,,,,,,,,,,,,,,,,,,,,,,,,,,,,,,,,,,,,,,,,,,,,,,,,,,,,,
2022-07-03 01:42:51,2022-07-03 01:43:06,IP Address,222.209.107.219,4,15,False,2022-07-10 01:43:08,R_2xS1VJIn4X5yXNm,,,,,,,anonymous,ZH-S,,,,,,,,,,,,,,,,,,,,,,,,,,,,,,,,,,,,,,,,,,,,,,,,,,,,,,,,,,,,,,,,,,,,
2022-07-03 01:43:22,2022-07-03 01:43:38,IP Address,221.237.21.26,4,16,False,2022-07-10 01:43:42,R_3e3HUN4LvXHwN44,,,,,,,anonymous,ZH-S,,,,,,,,,,,,,,,,,,,,,,,,,,,,,,,,,,,,,,,,,,,,,,,,,,,,,,,,,,,,,,,,,,,,
2022-07-03 01:48:16,2022-07-03 01:51:41,IP Address,171.210.21.184,68,205,False,2022-07-10 01:51:47,R_3RmV1aPzMbYiWbY,,,,,,,anonymous,ZH-S,花园,有,他,,,,,,,,,他,,,,,他,,她,,,,,,,,他,,,他,,,,,他,,,他,幸福,排队,认同,时间,所有,这,有,香味,大约,,三,着,,光,,梅花,水果,也,七,北,,,似,儿童,,,,,,
2022-07-03 01:38:32,2022-07-03 01:38:52,IP Address,39.144.137.203,4,19,False,2022-07-10 01:54:49,R_ZEtrq2JdyKb6rhT,,,,,,,anonymous,ZH-S,,,,,,,,,,,,,,,,,,,,,,,,,,,,,,,,,,,,,,,,,,,,,,,,,,,,,,,,,,,,,,,,,,,,
2022-07-03 01:42:02,2022-07-03 01:46:23,IP Address,223.104.214.128,72,260,False,2022-07-10 01:56:30,R_3KrUKHENVpKxivv,,,,,,,anonymous,ZH-S,花园,有,,她,,,,,,,,,,他,,她,,,,他,,,他,,,,,,,,她,,,她,,,,他,幸福,排队,认同,时间,,这,,香味,大约,天气,,着,写生,光,许多,梅花,,也,七,北,少年,红,是,儿童,,,,,,
2022-07-03 02:27:30,2022-07-03 02:27:34,IP Address,39.144.138.201,1,3,False,2022-07-10 02:27:34,R_2QFdYIRrDtzoubm,,,,,,,anonymous,ZH-S,,,,,,,,,,,,,,,,,,,,,,,,,,,,,,,,,,,,,,,,,,,,,,,,,,,,,,,,,,,,,,,,,,,,
2022-07-03 02:12:53,2022-07-03 02:30:31,IP Address,171.219.36.113,31,1057,False,2022-07-10 02:30:36,R_12mt8plSM1Le4dd,,,,,,,anonymous,ZH-S,花园,有,,," 她",,,,,,,,,,,,,,,,,,,,,,,,,,,,,,,,她,,,,认同,,,这,,,,,三,,写生,,许多,,水果,,,,,,似,儿童,,,,,,
2022-07-03 05:23:57,2022-07-03 05:24:52,IP Address,120.244.192.58,22,55,False,2022-07-10 05:24:53,R_2t9ZrrP3uOsbvie,,,,,,,anonymous,ZH-S,花园,有,,,,,,,,,,,,,,,,,她,,,,,,,,,,,,,,,,,,,,,,,时间,,,,,大约,天气,,着,写生,,,梅花,,也,,,,,,,,,,,,
2022-07-03 05:28:23,2022-07-03 05:29:11,IP Address,221.216.116.91,10,48,False,2022-07-10 05:29:11,R_3dS4fpQNQek6ViU,,,,,,,anonymous,ZH-S,花园,有,,,,,,,,,,,,,,,,,,,,,,,,,,,,,,,,,,,,,,,,,,,,,,天气,,,,,,,,,,,,,,,,,,,,
2022-07-03 05:36:40,2022-07-03 05:40:46,IP Address,222.131.28.169,87,245,False,2022-07-10 05:40:52,R_1hR3TmoTnPDeMRs,,,,,,,anonymous,ZH-S,花园,有,他,,,他,,,,,,,,她,,,她,他,,,,,他,,她,,,她,,他,,,他,,,他,,,幸福,排队,认同,时间,,这,有,香味,大约,天气,三,着,写生,光,许多,梅花,水果,也,,北,少年,红,是,儿童,,,,,,
2022-07-03 05:41:46,2022-07-03 05:42:50,IP Address,123.115.139.19,14,64,False,2022-07-10 05:42:52,R_5hVDrNStxygEK6l,,,,,,,anonymous,ZH-S,花园,有,,,,,,,,,,,,,,,,,,,,,,,,,,,,,,,,,,,,,,,认同,时间,,,,,,,,,,,,,,,,,少年,红,,,,,,,,
2022-07-03 05:46:14,2022-07-03 05:46:18,IP Address,221.223.193.81,1,4,False,2022-07-10 05:46:24,R_3EYUzdrdsQk1xPG,,,,,,,anonymous,ZH-S,,,,,,,,,,,,,,,,,,,,,,,,,,,,,,,,,,,,,,,,,,,,,,,,,,,,,,,,,,,,,,,,,,,,
2022-07-03 05:46:49,2022-07-03 05:47:05,IP Address,111.205.14.113,4,15,False,2022-07-10 05:47:05,R_1q2SkesAi3kgLvG,,,,,,,anonymous,ZH-S,,,,,,,,,,,,,,,,,,,,,,,,,,,,,,,,,,,,,,,,,,,,,,,,,,,,,,,,,,,,,,,,,,,,
2022-07-03 05:46:55,2022-07-03 05:47:06,IP Address,103.152.34.234,4,10,False,2022-07-10 05:47:06,R_2dgBrOnz3Asbg7t,,,,,,,anonymous,ZH-S,,,,,,,,,,,,,,,,,,,,,,,,,,,,,,,,,,,,,,,,,,,,,,,,,,,,,,,,,,,,,,,,,,,,
2022-07-03 05:46:54,2022-07-03 05:47:07,IP Address,223.70.251.104,4,12,False,2022-07-10 05:47:09,R_3qfICxnUereGFuY,,,,,,,anonymous,ZH-S,,,,,,,,,,,,,,,,,,,,,,,,,,,,,,,,,,,,,,,,,,,,,,,,,,,,,,,,,,,,,,,,,,,,
2022-07-03 05:46:32,2022-07-03 05:48:47,IP Address,36.108.10.123,21,135,False,2022-07-10 05:48:49,R_323Ggu8tndXpI9Q,,,,,,,anonymous,ZH-S,花园,有,,,,,,,,,,,,,,,,,,,,,,,,,,,,,,,,,,,,,,,,时间,,,,香味,,,,着,,光,,,水果,,,,,,是,儿童,,,,,,
2022-07-03 05:51:02,2022-07-03 05:51:18,IP Address,120.245.116.106,4,15,False,2022-07-10 05:51:18,R_1IZzXw7FY9OJ90c,,,,,,,anonymous,ZH-S,,,,,,,,,,,,,,,,,,,,,,,,,,,,,,,,,,,,,,,,,,,,,,,,,,,,,,,,,,,,,,,,,,,,
2022-07-03 05:48:04,2022-07-03 05:52:10,IP Address,20.24.81.197,86,246,False,2022-07-10 05:52:15,R_sM6n5Vfhm7Utr5D,,,,,,,anonymous,ZH-S,花园,有,,,,他,,,,,,他,,,,她,,,她,,他,,,他,,,,她,,,她,,他,,,,,祂,幸福,排队,认同,时间,所有,这,有,香味,大约,天气,三,着,写生,光,许多,梅花,水果,也,七,北,少年,红,是,儿童,,,,,,
2022-07-03 05:52:07,2022-07-03 05:54:23,IP Address,221.223.199.142,71,136,False,2022-07-10 05:54:34,R_3lPJUsxNwWQa9Rd,,,,,,,anonymous,ZH-S,花园,有,,,他,,,他,,,他,,她,,他,,,他,,,,,他,,,他,,,,他,,,他,,,他,,,幸福,排队,认同,,所有,,,香味,大约,天气,,,写生,,许多,梅花,,,,,少年,,,儿童,,,,,,
2022-07-03 05:53:19,2022-07-03 05:54:29,IP Address,117.136.0.205,32,69,False,2022-07-10 05:54:36,R_bHJocVx8wULFkiJ,,,,,,,anonymous,ZH-S,花园,有,,,,,,,,,她/他,,,,,,,,,,,,她,,,,,,,,,,,她,,,,,幸福,,,,所有,,,,,,,着,,,,,水果,也,,,,,是,,,,,,,
2022-07-03 05:52:37,2022-07-03 05:54:34,IP Address,223.72.130.86,49,117,False,2022-07-10 05:54:36,R_1n9Mf4UsRvqyeke,,,,,,,anonymous,ZH-S,花园,有,,,,他,,,,,他,,,,他,,,,,,他,,,,,,他,,,,,,,,,他,,,幸福,排队,认同,时间,,,有,,大约,,,着,写生,,,,水果,也,,,少年,,,,,,,,,
2022-07-03 05:52:37,2022-07-03 05:55:53,IP Address,125.33.207.150,89,195,False,2022-07-10 05:56:02,R_24BuVko2aYEistr,,,,,,,anonymous,ZH-S,花园,有,他,,,,她,,,她,,,她,,,她,,,,他,,,,他,,,他,,,他,,,,她,,,她,,幸福,排队,认同,时间,所有,这,有,香味,大约,天气,三,着,写生,光,许多,梅花,水果,也,七,北,少年,,是,儿童,,,,,,
2022-07-03 05:56:41,2022-07-03 05:56:45,IP Address,114.254.10.175,1,4,False,2022-07-10 05:56:54,R_3kuYkWn8A4fk7Fz,,,,,,,anonymous,ZH-S,,,,,,,,,,,,,,,,,,,,,,,,,,,,,,,,,,,,,,,,,,,,,,,,,,,,,,,,,,,,,,,,,,,,
2022-07-03 05:53:27,2022-07-03 05:56:55,IP Address,222.131.241.3,85,207,False,2022-07-10 05:56:57,R_1EWfxrlslkoI8OI,,,,,,,anonymous,ZH-S,花园,有,,,他,,,他,,,他,,,,,,他,,,他,,,他,他,,,,,他,他,,,,她,,,她,,幸福,排队,认同,时间,所有,这,有,香味,大约,天气,三,着,写生,光,许多,梅花,水果,也,,北,少年,红,似,,,,,,,
2022-07-03 05:58:21,2022-07-03 05:58:24,IP Address,114.241.83.219,1,2,False,2022-07-10 05:58:24,R_33295JvRXqvzJrx,,,,,,,anonymous,ZH-S,,,,,,,,,,,,,,,,,,,,,,,,,,,,,,,,,,,,,,,,,,,,,,,,,,,,,,,,,,,,,,,,,,,,
2022-07-03 05:57:25,2022-07-03 05:59:08,IP Address,223.104.40.69,50,102,False,2022-07-10 05:59:15,R_1pnFXWXe970HpBM,,,,,,,anonymous,ZH-S,花园,有,,她,,,,,,,她,他,,,,,她,,,他,,,,,,她,,,,,,,,,,,,她,幸福,,,时间,,,,香味,大约,天气,三,,,,,梅花,,,七,,,红,,,,,,,,
2022-07-03 05:56:36,2022-07-03 05:59:25,IP Address,117.136.38.141,76,169,False,2022-07-10 05:59:28,R_2QGMcsK1WE91Kqn,,,,,,,anonymous,ZH-S,花园,有,,,他,,,,,她,,他,,,,她,,,,,,,他,,,他,他,,,他,,,,她,,,她,,,,认同,时间,所有,,有,香味,,天气,,着,写生,光,许多,梅花,水果,也,七,北,少年,红,是,儿童,,,,,,
2022-07-03 06:01:16,2022-07-03 06:01:48,IP Address,111.201.90.83,4,32,False,2022-07-10 06:01:55,R_324SK5g9kvWQyeL,,,,,,,anonymous,ZH-S,,,,,,,,,,,,,,,,,,,,,,,,,,,,,,,,,,,,,,,,,,,,,,,,,,,,,,,,,,,,,,,,,,,,
2022-07-03 06:00:20,2022-07-03 06:01:47,IP Address,114.254.0.128,36,87,False,2022-07-10 06:01:55,R_3Jf3rhMigY3mble,,,,,,,anonymous,ZH-S,花园,有,,,,,,,,,,,,她,,,,,,,他,,,,,,,她,,他,,,,她,,,,,幸福,排队,,,,,,,,,,,,,,梅花,,,,,,红,是,,,,,,,
2022-07-03 06:01:45,2022-07-03 06:02:12,IP Address,221.223.194.242,8,26,False,2022-07-10 06:02:13,R_3PmAd8lLKdbUF3d,,,,,,,anonymous,ZH-S,花园,有,,,,,,,,,,,,,,,,,,,,,,,,,,,,,,,,,,,,,,,,,,,,,,,,,,,,,,,,,,,,,,,,,,
2022-07-03 05:59:56,2022-07-03 06:03:16,IP Address,180.174.229.255,90,200,False,2022-07-10 06:03:22,R_24N4o24nMWGlFgV,,,,,,,anonymous,ZH-S,花园,有,,她,,,她,,,,他,,,她,他,,,,,他,,她,,,,他,,,她,,她,,,她,,,她,,幸福,排队,认同,,所有,这,有,香味,大约,天气,三,着,写生,光,许多,梅花,水果,也,七,北,少年,红,是,儿童,,,,,,
2022-07-03 06:02:54,2022-07-03 06:04:01,IP Address,120.238.219.138,29,67,False,2022-07-10 06:04:02,R_xbcDLchf48XGe5P,,,,,,,anonymous,ZH-S,花园,有,,,,,,,,,,,,,,,,,,,他,,,,,,,,,,,,,,,他,,,,,,,所有,,,,,,,着,写生,光,许多,,,,,北,少年,,,,,,,,,
2022-07-03 06:04:54,2022-07-03 06:05:10,IP Address,120.245.94.123,4,16,False,2022-07-10 06:05:15,R_UAN2NXTFGZISkIp,,,,,,,anonymous,ZH-S,,,,,,,,,,,,,,,,,,,,,,,,,,,,,,,,,,,,,,,,,,,,,,,,,,,,,,,,,,,,,,,,,,,,
2022-07-03 06:04:43,2022-07-03 06:05:15,IP Address,120.244.192.242,8,32,False,2022-07-10 06:05:17,R_2EEQBVpFCSTztfT,,,,,,,anonymous,ZH-S,花园,有,,,,,,,,,,,,,,,,,,,,,,,,,,,,,,,,,,,,,,,,,,,,,,,,,,,,,,,,,,,,,,,,,,
2022-07-03 06:05:16,2022-07-03 06:06:26,IP Address,221.219.188.160,29,70,False,2022-07-10 06:06:28,R_1gGaw3JSNjuQ8R8,,,,,,,anonymous,ZH-S,花园,有,,,,,,,,,,,,,,,,,,,,,,他,,,,,她,,,,,,,,,,,,,,所有,这,,,,,,着,,光,许多,梅花,,也,,北,,,是,,,,,,,
2022-07-03 06:10:06,2022-07-03 06:11:52,IP Address,125.33.227.204,54,106,False,2022-07-10 06:11:57,R_2YGstQeWRCfw9Mk,,,,,,,anonymous,ZH-S,花园,有,他,,,,,他,他,,,,,,,,,,,,,她,,,,,,她,,,,,,,他,,她,,,排队,认同,时间,所有,,,,,,三,,写生,光,,梅花,水果,,,北,,红,是,,,,,,,
2022-07-03 06:12:08,2022-07-03 06:12:16,IP Address,124.64.22.221,3,7,False,2022-07-10 06:12:19,R_2s6kXTJqgloesO1,,,,,,,anonymous,ZH-S,,,,,,,,,,,,,,,,,,,,,,,,,,,,,,,,,,,,,,,,,,,,,,,,,,,,,,,,,,,,,,,,,,,,
2022-07-03 06:12:50,2022-07-03 06:14:16,IP Address,117.136.0.101,24,86,False,2022-07-10 06:14:18,R_241c2qXNH5uzopn,,,,,,,anonymous,ZH-S,花园,有,,,,他,,,,,,,,,,,,,,,,,,,,,,,,,,,,,,,,,幸福,,认同,,,,,,,,,,写生,光,,,,也,七,,,,,,,,,,,
2022-07-03 06:14:22,2022-07-03 06:14:56,IP Address,123.117.41.22,8,34,False,2022-07-10 06:15:03,R_3Ibix3jjigzBDQc,,,,,,,anonymous,ZH-S,garden,有,,,,,,,,,,,,,,,,,,,,,,,,,,,,,,,,,,,,,,,,,,,,,,,,,,,,,,,,,,,,,,,,,,
2022-07-03 06:23:22,2022-07-03 06:23:33,IP Address,221.218.170.187,4,10,False,2022-07-10 06:23:37,R_2OJWa1IXChVlzcs,,,,,,,anonymous,ZH-S,,,,,,,,,,,,,,,,,,,,,,,,,,,,,,,,,,,,,,,,,,,,,,,,,,,,,,,,,,,,,,,,,,,,
2022-07-03 06:08:40,2022-07-03 06:24:01,IP Address,120.245.68.211,83,921,False,2022-07-10 06:24:04,R_Z1WJsLjKw1ECFjj,,,,,,,anonymous,ZH-S,華願,牖,,,荅,,闼,,,他,,,,狧,涾,,,,牠,,闒,,,,遝,,,,,,,獺,襨,,,,遢,,性服,炮队,仭酮,弒鑑,嗍貁,遮,游,镶卫,龘樾,天麒,閐,尼玛,,,血斗,,捝鍋,耶,鏚,鐾,烧撵,銾,逝,爾酮,,,,,,
2022-07-03 06:26:50,2022-07-03 06:27:09,IP Address,120.245.96.100,4,19,False,2022-07-10 06:27:19,R_Byn1XDUIpPaOLsd,,,,,,,anonymous,ZH-S,,,,,,,,,,,,,,,,,,,,,,,,,,,,,,,,,,,,,,,,,,,,,,,,,,,,,,,,,,,,,,,,,,,,
2022-07-03 06:27:56,2022-07-03 06:28:14,IP Address,223.104.41.183,4,17,False,2022-07-10 06:28:18,R_1FJ8sm2sbNnWQ5z,,,,,,,anonymous,ZH-S,,,,,,,,,,,,,,,,,,,,,,,,,,,,,,,,,,,,,,,,,,,,,,,,,,,,,,,,,,,,,,,,,,,,
2022-07-03 06:28:55,2022-07-03 06:29:01,IP Address,118.144.11.9,1,5,False,2022-07-10 06:29:04,R_2rrz1vjvMzggPFn,,,,,,,anonymous,ZH-S,,,,,,,,,,,,,,,,,,,,,,,,,,,,,,,,,,,,,,,,,,,,,,,,,,,,,,,,,,,,,,,,,,,,
2022-07-03 06:28:28,2022-07-03 06:29:12,IP Address,223.104.6.45,18,43,False,2022-07-10 06:29:15,R_1QAtNP3OjlmPEmh,,,,,,,anonymous,ZH-S,花园,有,,,,,,,,,,,,,,,,他,,,,,,,,,,,,,,,,,,,,,,,认同,,所有,,,香味,,,三,,,,,,,,,,,,,,,,,,,
2022-07-03 06:29:29,2022-07-03 06:29:38,IP Address,223.104.41.88,4,9,False,2022-07-10 06:29:39,R_9tyaY8QxogZceyt,,,,,,,anonymous,ZH-S,,,,,,,,,,,,,,,,,,,,,,,,,,,,,,,,,,,,,,,,,,,,,,,,,,,,,,,,,,,,,,,,,,,,
2022-07-03 06:29:52,2022-07-03 06:30:00,IP Address,123.119.80.36,4,8,False,2022-07-10 06:30:06,R_2rYPEO8pHSkzuyC,,,,,,,anonymous,ZH-S,,,,,,,,,,,,,,,,,,,,,,,,,,,,,,,,,,,,,,,,,,,,,,,,,,,,,,,,,,,,,,,,,,,,
2022-07-03 06:29:56,2022-07-03 06:30:11,IP Address,221.223.103.4,4,14,False,2022-07-10 06:30:12,R_3q8TQGQWiazh7V2,,,,,,,anonymous,ZH-S,,,,,,,,,,,,,,,,,,,,,,,,,,,,,,,,,,,,,,,,,,,,,,,,,,,,,,,,,,,,,,,,,,,,
2022-07-03 06:26:05,2022-07-03 06:30:27,IP Address,116.8.54.130,42,262,False,2022-07-10 06:30:34,R_1pKCZksTpZq81i5,,,,,,,anonymous,ZH-S,花园,有,,,他,,,,,,,他,,,,她,,,她,,,,,,,,,,,,,,,,,,,,幸福,,,,,这,,香味,,,三,,写生,,许多,梅花,水果,,七,,,,,儿童,,,,,,
2022-07-03 06:29:39,2022-07-03 06:31:31,IP Address,120.245.68.226,39,112,False,2022-07-10 06:31:33,R_1j8QqlT3E9NFqiq,,,,,,,anonymous,ZH-S,花园,有,,,,,她,,,,,,,,,,,,,,,,,,,,,她,,,,,,她,,,,,,排队,,,所有,,有,,大约,天气,,着,写生,,许多,,,也,七,,,红,似,儿童,,,,,,
2022-07-03 06:36:27,2022-07-03 06:37:14,IP Address,120.244.166.161,15,46,False,2022-07-10 06:37:15,R_qztyV268I1RLE4N,,,,,,,anonymous,ZH-S,花园,有,,,,,,,,,,,,,,,,,,,,,,,,,,,,,,,,,,,,,,,,,,,,香味,,天气,三,,,,,,,,,,,,,,,,,,,
2022-07-03 06:35:18,2022-07-03 06:39:32,IP Address,175.154.117.201,99,254,False,2022-07-10 06:39:39,R_29T5sh5wXeo9GYp,,,,,,,anonymous,ZH-S,花园,有,他,,,他,,,,,他,他,,,他,,,,,他,,她,,,,他,,,她,,她,,,,他,,她,,幸福,排队,认同,时间,所有,这,有,香味,大约,天气,三,着,写生,光,许多,梅花,水果,也,七,北,少年,红,是,儿童,女,中文英语,高中阶段,,高中一年级,
2022-07-03 06:41:54,2022-07-03 06:42:08,IP Address,183.219.36.102,4,13,False,2022-07-10 06:42:13,R_w7SdkGadbQuydfr,,,,,,,anonymous,ZH-S,,,,,,,,,,,,,,,,,,,,,,,,,,,,,,,,,,,,,,,,,,,,,,,,,,,,,,,,,,,,,,,,,,,,
2022-07-03 06:41:15,2022-07-03 06:42:22,IP Address,39.148.200.82,10,67,False,2022-07-10 06:42:24,R_3HuKElb5IanLhst,,,,,,,anonymous,ZH-S,花园,有,,,,,,,,,,,,,,,,,,,,,,,,,,,,,,,,,,,,,,,,,,这,,,,,,,,,,,,,,,,,,,,,,,,
2022-07-03 06:40:17,2022-07-03 06:42:27,IP Address,120.84.11.225,39,130,False,2022-07-10 06:42:33,R_5706CWYKUAE8oP7,,,,,,,anonymous,ZH-S,花园,有,,,,,,,,,,,,,,,,,,,,,他,他,,,他,,,,,,,她,,,,,,排队,认同,,,这,,香味,大约,天气,,,,光,,,,,,北,,红,似,,,,,,,
2022-07-03 06:40:28,2022-07-03 06:42:52,IP Address,180.104.230.85,39,143,False,2022-07-10 06:42:55,R_x4TlhwNLXwgSBi1,,,,,,,anonymous,ZH-S,花园,有,,,他,,,,,,,,,,,,,,,他,他,,,,,,,,,他,,,,,,,,,幸福,,,实践,所有,,,,,,,着,写生,光,,梅花,,也,,,,红,是,,,,,,,
2022-07-03 06:41:28,2022-07-03 06:43:53,IP Address,183.210.232.43,51,144,False,2022-07-10 06:43:54,R_1LTAZUN5BZ5uBY7,,,,,,,anonymous,ZH-S,花园,有,,她,,,,,,,,,,他,他,,,,,,,,,,她,,,她,,,她,,,,,,,,,排队,认同,时间,所有,,,,,天气,三,着,写生,,许多,,水果,,七,北,,,,儿童,,,,,,
2022-07-03 06:44:25,2022-07-03 06:45:27,IP Address,221.218.175.236,1,61,False,2022-07-10 06:45:31,R_72RwhAL1Nt48Tzb,,,,,,,anonymous,ZH-S,,,,,,,,,,,,,,,,,,,,,,,,,,,,,,,,,,,,,,,,,,,,,,,,,,,,,,,,,,,,,,,,,,,,
2022-07-03 06:46:08,2022-07-03 06:46:22,IP Address,123.119.79.65,4,14,False,2022-07-10 06:46:27,R_BVRlMa6ojqxFCM1,,,,,,,anonymous,ZH-S,,,,,,,,,,,,,,,,,,,,,,,,,,,,,,,,,,,,,,,,,,,,,,,,,,,,,,,,,,,,,,,,,,,,
2022-07-03 06:43:15,2022-07-03 06:46:53,IP Address,117.13.128.111,99,218,False,2022-07-10 06:46:56,R_1dojQeTGV9nPfmP,,,,,,,anonymous,ZH-S,花园,有,他,,,,,他,,,他,他,,,,,他,他,,,他,,,,,他,,她,,他,,,他,,,他,,,幸福,排队,认同,时间,所有,这,有,香味,大约,天气,三,着,写生,光,许多,梅花,水果,也,七,北,少年,红,是,儿童,女,中文英语,高中阶段,,高中三年级,
2022-07-03 06:45:54,2022-07-03 06:48:54,IP Address,112.96.67.66,65,180,False,2022-07-10 06:49:00,R_2wiy0hzyHI87PiZ,,,,,,,anonymous,ZH-S,花园,有,,,,他,,,他,,,,,,,,他,,她,,他,,,,她,,,,,,她,,,,,,,,幸福,排队,认同,时间,所有,这,有,香味,,天气,,着,写生,光,,梅花,,,七,北,少年,红,,儿童,,,,,,
2022-07-03 06:47:41,2022-07-03 06:51:04,IP Address,117.81.104.127,90,203,False,2022-07-10 06:51:06,R_1H0IMxIoFZ9cpTJ,,,,,,,anonymous,ZH-S,花园,有,,她,,他,,,,,他,,她,,,她,,,她,,,她,,他,,,,,她,,,他,,,他,,,他,幸福,排队,认同,时间,所有,这,有,香味,大约,天气,三,着,写生,光,许多,梅花,水果,也,七,,少年,红,是,儿童,,,,,,
2022-07-03 06:53:43,2022-07-03 06:56:06,IP Address,120.230.42.222,29,142,False,2022-07-10 06:56:08,R_1mQQfoR7qqG7icW,,,,,,,anonymous,ZH-S,花园,有,,,,,,,,,,,,,,,,,,她,他,,,,,,,,,,,,,,她,,,,,排队,,,,,,香味,大约,,,,,,许多,,,,七,,,红,,,,,,,,
2022-07-03 06:56:05,2022-07-03 06:56:26,IP Address,101.87.245.174,4,21,False,2022-07-10 06:56:29,R_3rHzi5Xl5yO9Wg7,,,,,,,anonymous,ZH-S,,,,,,,,,,,,,,,,,,,,,,,,,,,,,,,,,,,,,,,,,,,,,,,,,,,,,,,,,,,,,,,,,,,,
2022-07-03 06:53:27,2022-07-03 06:56:47,IP Address,1.202.112.1,89,199,False,2022-07-10 06:56:48,R_8cbkHjHCjwm626l,,,,,,,anonymous,ZH-S,花园,有,,,他,,,他,他,,,,,她,,她,,,,他,,,他,,她,,,她,,,她,,,,他,他,,,幸福,排队,认同,,所有,这,有,香味,大约,天气,,着,写生,光,许多,梅花,水果,也,七,倍,少年,红,是,儿童,,,,,,
2022-07-03 06:59:04,2022-07-03 07:00:10,IP Address,221.222.253.153,28,66,False,2022-07-10 07:00:13,R_1lawetILJR9YtEG,,,,,,,anonymous,ZH-S,花园,有,他,,,,,,,,他,,,,,,,,,,,,,,,,,,,,,,,她,,,,,,,,,所有,这,,,,,,,,,许多,,水果,,,,少年,,,,,,,,,
2022-07-03 07:02:47,2022-07-03 07:03:03,IP Address,180.171.187.189,4,15,False,2022-07-10 07:03:10,R_1QlsA166CZoVufi,,,,,,,anonymous,ZH-S,,,,,,,,,,,,,,,,,,,,,,,,,,,,,,,,,,,,,,,,,,,,,,,,,,,,,,,,,,,,,,,,,,,,
2022-07-03 07:03:12,2022-07-03 07:03:24,IP Address,114.240.247.217,3,11,False,2022-07-10 07:03:26,R_3D0ICz4i2z5cNuM,,,,,,,anonymous,ZH-S,,,,,,,,,,,,,,,,,,,,,,,,,,,,,,,,,,,,,,,,,,,,,,,,,,,,,,,,,,,,,,,,,,,,
2022-07-03 07:03:50,2022-07-03 07:03:53,IP Address,123.120.164.3,1,2,False,2022-07-10 07:03:54,R_3CJfgP2IG3QSmnG,,,,,,,anonymous,ZH-S,,,,,,,,,,,,,,,,,,,,,,,,,,,,,,,,,,,,,,,,,,,,,,,,,,,,,,,,,,,,,,,,,,,,
2022-07-03 07:03:58,2022-07-03 07:04:07,IP Address,223.72.87.160,3,8,False,2022-07-10 07:04:07,R_21t6Qrr0BtfzDmh,,,,,,,anonymous,ZH-S,,,,,,,,,,,,,,,,,,,,,,,,,,,,,,,,,,,,,,,,,,,,,,,,,,,,,,,,,,,,,,,,,,,,
2022-07-03 07:04:08,2022-07-03 07:04:21,IP Address,223.72.88.207,4,13,False,2022-07-10 07:04:23,R_1LLMcOfL1nNAEMM,,,,,,,anonymous,ZH-S,,,,,,,,,,,,,,,,,,,,,,,,,,,,,,,,,,,,,,,,,,,,,,,,,,,,,,,,,,,,,,,,,,,,
2022-07-03 07:03:18,2022-07-03 07:04:54,IP Address,120.245.92.55,39,95,False,2022-07-10 07:04:56,R_3IXYsmoETPkVsNh,,,,,,,anonymous,ZH-S,花园,有,,,,,,他,,,他,,,,,,,,,,,,他,,,,,,,,她,,,,,,,,幸福,,,时间,所有,这,有,,,,,着,,,,梅花,水果,也,,北,,,,,,,,,,
2022-07-03 07:05:34,2022-07-03 07:05:47,IP Address,120.245.68.176,1,12,False,2022-07-10 07:05:50,R_297c4a7CWOAOVD2,,,,,,,anonymous,ZH-S,,,,,,,,,,,,,,,,,,,,,,,,,,,,,,,,,,,,,,,,,,,,,,,,,,,,,,,,,,,,,,,,,,,,
2022-07-03 07:05:18,2022-07-03 07:07:09,IP Address,120.244.142.87,33,110,False,2022-07-10 07:07:16,R_2uOK1PmHmnQHNJG,,,,,,,anonymous,ZH-S,花园,有,,她,,,,,,,,,,,,,,,,,,,,,,他,,,,,,,,,,他,,,,,,时间,所有,这,,,,,,,写真,光,,,,也,七,北,,,是,,,,,,,
2022-07-03 07:05:34,2022-07-03 07:07:25,IP Address,111.31.102.230,57,111,False,2022-07-10 07:07:26,R_2q9Lk2Bjmq0D2c1,,,,,,,anonymous,ZH-S,花园,有,,,,,,他,,,他,,,,,,,他,,,,,,,她,,,,她,他,,,,,,,,他,幸福,排队,,,,这,有,香味,大约,,三,着,写生,光,,梅花,水果,,七,北,,,,,,,,,,
2022-07-03 07:05:20,2022-07-03 07:07:55,IP Address,221.218.175.236,4,154,False,2022-07-10 07:07:57,R_1o5ctEGQlVh07cJ,,,,,,,anonymous,ZH-S,,,,,,,,,,,,,,,,,,,,,,,,,,,,,,,,,,,,,,,,,,,,,,,,,,,,,,,,,,,,,,,,,,,,
2022-07-03 07:09:32,2022-07-03 07:09:42,IP Address,123.112.188.115,4,9,False,2022-07-10 07:09:43,R_12ccthlsMS5hrqJ,,,,,,,anonymous,ZH-S,,,,,,,,,,,,,,,,,,,,,,,,,,,,,,,,,,,,,,,,,,,,,,,,,,,,,,,,,,,,,,,,,,,,
2022-07-03 07:08:51,2022-07-03 07:09:52,IP Address,27.26.10.184,24,60,False,2022-07-10 07:09:53,R_3h6Lm51ilsJgSM2,,,,,,,anonymous,ZH-S,花園,有,,,她,,,,,,,,,,,她,,,,,,,,,,,,,,,,,,,,,,,,,,,,這,,,,,三,,,,,梅花,,,,,,,,,,,,,,
2022-07-03 07:09:47,2022-07-03 07:10:13,IP Address,222.131.243.203,6,26,False,2022-07-10 07:10:19,R_2SxFpwMFvnnesNT,,,,,,,anonymous,ZH-S,hua yuan,,,,,,,,,,,,,,,,,,,,,,,,,,,,,,,,,,,,,,,,,,,,,,,,,,,,,,,,,,,,,,,,,,,
2022-07-03 07:09:38,2022-07-03 07:13:07,IP Address,223.70.251.102,89,209,False,2022-07-10 07:13:17,R_1pSfyZdicFSx0oU,,,,,,,anonymous,ZH-S,花园,有,,,,他,,,他,,,他,,,,,他,他,,,,,他,,她,,他,,,,她,,,,他,,她,,幸福,排队,认同,时间,所有,这,有,,大约,天气,三,着,写生,光,许多,梅花,水果,也,七,北,少年,红,是,儿童,,,,,,
2022-07-03 07:13:19,2022-07-03 07:16:39,IP Address,223.104.250.37,67,200,False,2022-07-10 07:16:39,R_1n943Q73TmFzqxj,,,,,,,anonymous,ZH-S,花园,有,,,,,,,,她,,,,他,他,,,,,他,,,他,他,,,,,,他,,,,,,他,,,幸福,,认同,,所有,这,有,,,天气,,着,写生,,许多,梅花,水果,也,,北,少年,红,似,,,,,,,
2022-07-03 07:15:12,2022-07-03 07:17:13,IP Address,223.104.38.126,54,121,False,2022-07-10 07:17:14,R_3h0JCukQYMdmXLI,,,,,,,anonymous,ZH-S,花园,有,,,,,,,,,,,她,,,,他,,,,他,,,,,,,,她,,她,,,她,,,她,,幸福,,,,,,有,,,天气,三,着,,光,许多,梅花,,也,七,北,,红,,,,,,,,
2022-07-03 07:22:55,2022-07-03 07:25:10,IP Address,124.64.124.238,76,134,False,2022-07-10 07:25:11,R_20UyzftSihwBmtK,,,,,,,anonymous,ZH-S,花园,有,,她,,,她,,,她,,他,,,,她,,他,,,,她,,他,,,,她,,,她,,他,,,,,,幸福,排队,,,所有,这,有,香味,大约,天气,,,写生,,许多,,,也,七,北,少年,红,,儿童,,,,,,
2022-07-03 07:25:03,2022-07-03 07:27:05,IP Address,120.245.98.26,40,121,False,2022-07-10 07:27:11,R_yOVTAuRF92vXkn7,,,,,,,anonymous,ZH-S,花园,有,,,,,,,,她,,,,她,,,,,她,,他,,,,,,,,,,,,,,,,,,,,认同,,,,,,,天气,三,着,,,许多,梅花,,也,,,,,是,儿童,,,,,,
2022-07-03 07:27:00,2022-07-03 07:31:17,IP Address,120.245.68.125,90,256,False,2022-07-10 07:31:25,R_21dM2zRcL0LglLf,,,,,,,anonymous,ZH-S,花园,有,,,他,,,他,,,在,他,,,,,他,,她,,,,他,,,他,他,,,他,,,,她,,,她,,幸福,排队,认同,时间,所有,这,有,香味,大约,天气,三,着,写生,,许多,梅花,水果,也,七,北,少年,红,视,儿童,,,,,,
2022-07-03 07:31:27,2022-07-03 07:31:35,IP Address,114.246.34.22,1,7,False,2022-07-10 07:31:36,R_2ZOaQdkq7aAST4W,,,,,,,anonymous,ZH-S,,,,,,,,,,,,,,,,,,,,,,,,,,,,,,,,,,,,,,,,,,,,,,,,,,,,,,,,,,,,,,,,,,,,
2022-07-03 07:30:22,2022-07-03 07:31:36,IP Address,223.72.88.178,19,73,False,2022-07-10 07:31:38,R_z8xRT4WiBuH3Bwl,,,,,,,anonymous,ZH-S,花园,有,,,,,,,,她,,,,,,,,,,,,,,,,,,,,,,,,,,,,,,排队,认同,,,,,,,天气,,,,,,,,,,,,,,,,,,,,
2022-07-03 08:02:09,2022-07-03 08:03:39,IP Address,183.242.14.251,36,90,False,2022-07-10 08:03:42,R_1iapk8b9sryVtTq,,,,,,,anonymous,ZH-S,花园,有,,,,,,他,,,,,她,,,,,,她,,,,,,她,,,,,,,他,,,,,,,,,,,,,,,大约,,,,写生,,,梅花,,也,,,,红,,,,,,,,
2022-07-03 08:06:34,2022-07-03 08:09:46,IP Address,223.104.39.79,49,192,False,2022-07-10 08:09:49,R_2tlYX8LeDBMQhrY,,,,,,,anonymous,ZH-S,花园,有,,,,他,,,,她,,,,,,,,,,他,,,,,,,他,,,,,,他,,,,,,,,认同,,所有,,,香味,大约,,三,着,写生,,,梅花,水果,也,,,少年,红,,,,,,,,
2022-07-03 08:12:23,2022-07-03 08:16:48,IP Address,111.192.133.158,74,264,False,2022-07-10 08:16:50,R_2ty9X9WiG1HWbjg,,,,,,,anonymous,ZH-S,花园,有,,,,,,,他,,,,,,,,,他,,,他,,,,,她或他,,,她或他,他,,,,,他或她,,,他或她,幸福,排队,认同,,所有,这,有,香味,大约,天气,三,着,写生,,许多,梅花,水果,也,七,北,少年,红,,儿童,,,,,,
2022-07-03 08:30:43,2022-07-03 08:30:54,IP Address,111.197.155.213,4,10,False,2022-07-10 08:30:55,R_1nNsY8E9MKT1AfM,,,,,,,anonymous,ZH-S,,,,,,,,,,,,,,,,,,,,,,,,,,,,,,,,,,,,,,,,,,,,,,,,,,,,,,,,,,,,,,,,,,,,
2022-07-03 08:34:46,2022-07-03 08:35:12,IP Address,123.120.31.55,6,25,False,2022-07-10 08:35:19,R_3frU75UrXWYYsE6,,,,,,,anonymous,ZH-S,花园,,,,,,,,,,,,,,,,,,,,,,,,,,,,,,,,,,,,,,,,,,,,,,,,,,,,,,,,,,,,,,,,,,,
2022-07-03 08:38:43,2022-07-03 08:41:23,IP Address,120.244.12.124,65,159,False,2022-07-10 08:41:27,R_2rSmr6UFQ2nocWR,,,,,,,anonymous,ZH-S,花园,有,他,,,,她,,,,,,她,,,她,,,,他,,,,,她,,,,,他,,,,,他,,,,,排队,认同,时间,,,有,香味,大约,天气,三,,,光,,梅花,,,七,北,少年,,是,儿童,,,,,,
2022-07-03 08:50:22,2022-07-03 08:56:22,IP Address,221.222.153.200,99,359,False,2022-07-10 08:56:23,R_3iIRwYouiJJdCvw,,,,,,,anonymous,ZH-S,花园,有,,她,,,她,,他,,,他,,,他,,,,,他,,她,,,,他,,她,,,,他,他,,,,她,,幸福,排队,认同,时间,所有,这,有,香味,大约,天气,三,着,写生,光,许多,梅花,水果,也,七,北,少年,红,是,儿童,女,中文，英语,高中阶段,,高中三年级,
2022-07-03 09:23:35,2022-07-03 09:23:46,IP Address,125.33.228.253,4,10,False,2022-07-10 09:23:50,R_rolyFUlfibqTT8J,,,,,,,anonymous,ZH-S,,,,,,,,,,,,,,,,,,,,,,,,,,,,,,,,,,,,,,,,,,,,,,,,,,,,,,,,,,,,,,,,,,,,
2022-07-03 09:24:09,2022-07-03 09:27:28,IP Address,39.144.95.150,4,199,False,2022-07-10 09:27:35,R_3PN6NLyUs1ScH6L,,,,,,,anonymous,ZH-S,,,,,,,,,,,,,,,,,,,,,,,,,,,,,,,,,,,,,,,,,,,,,,,,,,,,,,,,,,,,,,,,,,,,
2022-07-03 09:34:05,2022-07-03 09:34:26,IP Address,115.171.90.147,4,21,False,2022-07-10 09:34:27,R_PHZEXeK2rZGwbHH,,,,,,,anonymous,ZH-S,,,,,,,,,,,,,,,,,,,,,,,,,,,,,,,,,,,,,,,,,,,,,,,,,,,,,,,,,,,,,,,,,,,,
